--
-- PostgreSQL database dump
--

-- Dumped from database version 12.20 (Ubuntu 12.20-0ubuntu0.20.04.1)
-- Dumped by pg_dump version 12.20 (Ubuntu 12.20-0ubuntu0.20.04.1)

SET statement_timeout = 0;
SET lock_timeout = 0;
SET idle_in_transaction_session_timeout = 0;
SET client_encoding = 'UTF8';
SET standard_conforming_strings = on;
SELECT pg_catalog.set_config('search_path', '', false);
SET check_function_bodies = false;
SET xmloption = content;
SET client_min_messages = warning;
SET row_security = off;

SET default_tablespace = '';

SET default_table_access_method = heap;

--
-- Name: account_courses_enroll; Type: TABLE; Schema: public; Owner: akai
--

CREATE TABLE public.account_courses_enroll (
    id bigint NOT NULL,
    created_at timestamp with time zone NOT NULL,
    updated_at timestamp with time zone NOT NULL,
    course_id character varying(200) NOT NULL,
    user_id bigint NOT NULL
);


ALTER TABLE public.account_courses_enroll OWNER TO akai;

--
-- Name: account_courses_enroll_id_seq; Type: SEQUENCE; Schema: public; Owner: akai
--

ALTER TABLE public.account_courses_enroll ALTER COLUMN id ADD GENERATED BY DEFAULT AS IDENTITY (
    SEQUENCE NAME public.account_courses_enroll_id_seq
    START WITH 1
    INCREMENT BY 1
    NO MINVALUE
    NO MAXVALUE
    CACHE 1
);


--
-- Name: account_courses_wishlist; Type: TABLE; Schema: public; Owner: akai
--

CREATE TABLE public.account_courses_wishlist (
    id bigint NOT NULL,
    created_at timestamp with time zone NOT NULL,
    updated_at timestamp with time zone NOT NULL,
    course_id character varying(200) NOT NULL,
    user_id bigint NOT NULL
);


ALTER TABLE public.account_courses_wishlist OWNER TO akai;

--
-- Name: account_courses_wishlist_id_seq; Type: SEQUENCE; Schema: public; Owner: akai
--

ALTER TABLE public.account_courses_wishlist ALTER COLUMN id ADD GENERATED BY DEFAULT AS IDENTITY (
    SEQUENCE NAME public.account_courses_wishlist_id_seq
    START WITH 1
    INCREMENT BY 1
    NO MINVALUE
    NO MAXVALUE
    CACHE 1
);


--
-- Name: accounts_account; Type: TABLE; Schema: public; Owner: akai
--

CREATE TABLE public.accounts_account (
    id bigint NOT NULL,
    password character varying(128) NOT NULL,
    first_name character varying(50) NOT NULL,
    last_name character varying(50) NOT NULL,
    username character varying(50) NOT NULL,
    email character varying(100) NOT NULL,
    phone_number character varying(50) NOT NULL,
    date_joined timestamp with time zone NOT NULL,
    last_login timestamp with time zone NOT NULL,
    is_admin boolean NOT NULL,
    is_staff boolean NOT NULL,
    is_active boolean NOT NULL,
    is_superadmin boolean NOT NULL,
    avt_url character varying(100) NOT NULL
);


ALTER TABLE public.accounts_account OWNER TO akai;

--
-- Name: accounts_account_id_seq; Type: SEQUENCE; Schema: public; Owner: akai
--

ALTER TABLE public.accounts_account ALTER COLUMN id ADD GENERATED BY DEFAULT AS IDENTITY (
    SEQUENCE NAME public.accounts_account_id_seq
    START WITH 1
    INCREMENT BY 1
    NO MINVALUE
    NO MAXVALUE
    CACHE 1
);




--
-- Name: auth_group; Type: TABLE; Schema: public; Owner: akai
--

CREATE TABLE public.auth_group (
    id integer NOT NULL,
    name character varying(150) NOT NULL
);


ALTER TABLE public.auth_group OWNER TO akai;

--
-- Name: auth_group_id_seq; Type: SEQUENCE; Schema: public; Owner: akai
--

ALTER TABLE public.auth_group ALTER COLUMN id ADD GENERATED BY DEFAULT AS IDENTITY (
    SEQUENCE NAME public.auth_group_id_seq
    START WITH 1
    INCREMENT BY 1
    NO MINVALUE
    NO MAXVALUE
    CACHE 1
);


--
-- Name: auth_group_permissions; Type: TABLE; Schema: public; Owner: akai
--

CREATE TABLE public.auth_group_permissions (
    id bigint NOT NULL,
    group_id integer NOT NULL,
    permission_id integer NOT NULL
);


ALTER TABLE public.auth_group_permissions OWNER TO akai;

--
-- Name: auth_group_permissions_id_seq; Type: SEQUENCE; Schema: public; Owner: akai
--

ALTER TABLE public.auth_group_permissions ALTER COLUMN id ADD GENERATED BY DEFAULT AS IDENTITY (
    SEQUENCE NAME public.auth_group_permissions_id_seq
    START WITH 1
    INCREMENT BY 1
    NO MINVALUE
    NO MAXVALUE
    CACHE 1
);


--
-- Name: auth_permission; Type: TABLE; Schema: public; Owner: akai
--

CREATE TABLE public.auth_permission (
    id integer NOT NULL,
    name character varying(255) NOT NULL,
    content_type_id integer NOT NULL,
    codename character varying(100) NOT NULL
);


ALTER TABLE public.auth_permission OWNER TO akai;

--
-- Name: auth_permission_id_seq; Type: SEQUENCE; Schema: public; Owner: akai
--

ALTER TABLE public.auth_permission ALTER COLUMN id ADD GENERATED BY DEFAULT AS IDENTITY (
    SEQUENCE NAME public.auth_permission_id_seq
    START WITH 1
    INCREMENT BY 1
    NO MINVALUE
    NO MAXVALUE
    CACHE 1
);


--
-- Name: courses_category; Type: TABLE; Schema: public; Owner: akai
--

CREATE TABLE public.courses_category (
    id bigint NOT NULL,
    title character varying(50) NOT NULL,
    slug character varying(200) NOT NULL
);


ALTER TABLE public.courses_category OWNER TO akai;

--
-- Name: courses_category_id_seq; Type: SEQUENCE; Schema: public; Owner: akai
--

ALTER TABLE public.courses_category ALTER COLUMN id ADD GENERATED BY DEFAULT AS IDENTITY (
    SEQUENCE NAME public.courses_category_id_seq
    START WITH 1
    INCREMENT BY 1
    NO MINVALUE
    NO MAXVALUE
    CACHE 1
);


--
-- Name: courses_course; Type: TABLE; Schema: public; Owner: akai
--

CREATE TABLE public.courses_course (
    title character varying(200) NOT NULL,
    user_id bigint NOT NULL,
    category_id bigint,
    slug character varying(200) NOT NULL,
    short_description text NOT NULL,
    description text NOT NULL,
    outcome character varying(200) NOT NULL,
    requirements character varying(200) NOT NULL,
    language character varying(200) NOT NULL,
    price double precision NOT NULL,
    level character varying(20) NOT NULL,
    thumbnail character varying(100) NOT NULL,
    video_url character varying(100) NOT NULL,
    is_published boolean NOT NULL,
    created_at timestamp with time zone NOT NULL,
    updated_at timestamp with time zone NOT NULL,
    rating double precision NOT NULL
);


ALTER TABLE public.courses_course OWNER TO akai;

--
-- Name: courses_lesson; Type: TABLE; Schema: public; Owner: akai
--

CREATE TABLE public.courses_lesson (
    id bigint NOT NULL,
    course_id character varying(200) NOT NULL,
    title character varying(100) NOT NULL,
    duration double precision NOT NULL,
    video_url character varying(100) NOT NULL,
    created_at timestamp with time zone NOT NULL,
    updated_at timestamp with time zone NOT NULL
);


ALTER TABLE public.courses_lesson OWNER TO akai;

--
-- Name: courses_lesson_id_seq; Type: SEQUENCE; Schema: public; Owner: akai
--

ALTER TABLE public.courses_lesson ALTER COLUMN id ADD GENERATED BY DEFAULT AS IDENTITY (
    SEQUENCE NAME public.courses_lesson_id_seq
    START WITH 1
    INCREMENT BY 1
    NO MINVALUE
    NO MAXVALUE
    CACHE 1
);


--
-- Name: courses_rating; Type: TABLE; Schema: public; Owner: akai
--

CREATE TABLE public.courses_rating (
    id bigint NOT NULL,
    user_id bigint NOT NULL,
    course_slug character varying(50) NOT NULL,
    rating integer NOT NULL,
    comment text NOT NULL,
    "timestamp" timestamp with time zone NOT NULL,
    CONSTRAINT courses_rating_rating_check CHECK ((rating >= 0))
);


ALTER TABLE public.courses_rating OWNER TO akai;

--
-- Name: courses_rating_id_seq; Type: SEQUENCE; Schema: public; Owner: akai
--

ALTER TABLE public.courses_rating ALTER COLUMN id ADD GENERATED BY DEFAULT AS IDENTITY (
    SEQUENCE NAME public.courses_rating_id_seq
    START WITH 1
    INCREMENT BY 1
    NO MINVALUE
    NO MAXVALUE
    CACHE 1
);


--
-- Name: django_admin_log; Type: TABLE; Schema: public; Owner: akai
--

CREATE TABLE public.django_admin_log (
    id integer NOT NULL,
    action_time timestamp with time zone NOT NULL,
    object_id text,
    object_repr character varying(200) NOT NULL,
    action_flag smallint NOT NULL,
    change_message text NOT NULL,
    content_type_id integer,
    user_id bigint NOT NULL,
    CONSTRAINT django_admin_log_action_flag_check CHECK ((action_flag >= 0))
);


ALTER TABLE public.django_admin_log OWNER TO akai;

--
-- Name: django_admin_log_id_seq; Type: SEQUENCE; Schema: public; Owner: akai
--

ALTER TABLE public.django_admin_log ALTER COLUMN id ADD GENERATED BY DEFAULT AS IDENTITY (
    SEQUENCE NAME public.django_admin_log_id_seq
    START WITH 1
    INCREMENT BY 1
    NO MINVALUE
    NO MAXVALUE
    CACHE 1
);


--
-- Name: django_content_type; Type: TABLE; Schema: public; Owner: akai
--

CREATE TABLE public.django_content_type (
    id integer NOT NULL,
    app_label character varying(100) NOT NULL,
    model character varying(100) NOT NULL
);


ALTER TABLE public.django_content_type OWNER TO akai;

--
-- Name: django_content_type_id_seq; Type: SEQUENCE; Schema: public; Owner: akai
--

ALTER TABLE public.django_content_type ALTER COLUMN id ADD GENERATED BY DEFAULT AS IDENTITY (
    SEQUENCE NAME public.django_content_type_id_seq
    START WITH 1
    INCREMENT BY 1
    NO MINVALUE
    NO MAXVALUE
    CACHE 1
);


--
-- Name: django_migrations; Type: TABLE; Schema: public; Owner: akai
--

CREATE TABLE public.django_migrations (
    id bigint NOT NULL,
    app character varying(255) NOT NULL,
    name character varying(255) NOT NULL,
    applied timestamp with time zone NOT NULL
);


ALTER TABLE public.django_migrations OWNER TO akai;

--
-- Name: django_migrations_id_seq; Type: SEQUENCE; Schema: public; Owner: akai
--

ALTER TABLE public.django_migrations ALTER COLUMN id ADD GENERATED BY DEFAULT AS IDENTITY (
    SEQUENCE NAME public.django_migrations_id_seq
    START WITH 1
    INCREMENT BY 1
    NO MINVALUE
    NO MAXVALUE
    CACHE 1
);


--
-- Name: django_session; Type: TABLE; Schema: public; Owner: akai
--

CREATE TABLE public.django_session (
    session_key character varying(40) NOT NULL,
    session_data text NOT NULL,
    expire_date timestamp with time zone NOT NULL
);


ALTER TABLE public.django_session OWNER TO akai;

--
-- Name: udemy_enroll; Type: TABLE; Schema: public; Owner: akai
--

CREATE TABLE public.udemy_enroll (
    id integer NOT NULL,
    created_at timestamp with time zone NOT NULL,
    updated_at timestamp with time zone NOT NULL,
    course_id character varying(200) NOT NULL,
    user_id integer NOT NULL
);


ALTER TABLE public.udemy_enroll OWNER TO akai;

--
-- Name: udemy_enroll_id_seq; Type: SEQUENCE; Schema: public; Owner: akai
--

ALTER TABLE public.udemy_enroll ALTER COLUMN id ADD GENERATED BY DEFAULT AS IDENTITY (
    SEQUENCE NAME public.udemy_enroll_id_seq
    START WITH 1
    INCREMENT BY 1
    NO MINVALUE
    NO MAXVALUE
    CACHE 1
);


--
-- Name: udemy_wishlist; Type: TABLE; Schema: public; Owner: akai
--

CREATE TABLE public.udemy_wishlist (
    id integer NOT NULL,
    created_at timestamp with time zone NOT NULL,
    updated_at timestamp with time zone NOT NULL,
    course_id character varying(200) NOT NULL,
    user_id integer NOT NULL
);


ALTER TABLE public.udemy_wishlist OWNER TO akai;

--
-- Name: udemy_wishlist_id_seq; Type: SEQUENCE; Schema: public; Owner: akai
--

ALTER TABLE public.udemy_wishlist ALTER COLUMN id ADD GENERATED BY DEFAULT AS IDENTITY (
    SEQUENCE NAME public.udemy_wishlist_id_seq
    START WITH 1
    INCREMENT BY 1
    NO MINVALUE
    NO MAXVALUE
    CACHE 1
);


--
-- Name: wishlist; Type: TABLE; Schema: public; Owner: postgres
--

CREATE TABLE public.wishlist (
    id integer NOT NULL,
    created_at timestamp without time zone NOT NULL,
    updated_at timestamp without time zone NOT NULL,
    user_id integer NOT NULL,
    course_id character varying(200) NOT NULL,
    thumbnail character varying(100) NOT NULL
);


ALTER TABLE public.wishlist OWNER TO postgres;

--
-- Name: wishlist_id_seq; Type: SEQUENCE; Schema: public; Owner: postgres
--

CREATE SEQUENCE public.wishlist_id_seq
    AS integer
    START WITH 1
    INCREMENT BY 1
    NO MINVALUE
    NO MAXVALUE
    CACHE 1;


ALTER TABLE public.wishlist_id_seq OWNER TO postgres;

--
-- Name: wishlist_id_seq; Type: SEQUENCE OWNED BY; Schema: public; Owner: postgres
--

ALTER SEQUENCE public.wishlist_id_seq OWNED BY public.wishlist.id;


--
-- Name: wishlist id; Type: DEFAULT; Schema: public; Owner: postgres
--

ALTER TABLE ONLY public.wishlist ALTER COLUMN id SET DEFAULT nextval('public.wishlist_id_seq'::regclass);


--
-- Data for Name: account_courses_enroll; Type: TABLE DATA; Schema: public; Owner: akai
--

COPY public.account_courses_enroll (id, created_at, updated_at, course_id, user_id) FROM stdin;
1	2024-08-27 21:44:22.063737+07	2024-08-27 21:44:22.06375+07	swift-programming-for-ios-development	6
2	2024-08-27 22:10:12.994553+07	2024-08-27 22:10:12.994564+07	javascript-essentials	8
\.


--
-- Data for Name: account_courses_wishlist; Type: TABLE DATA; Schema: public; Owner: akai
--

COPY public.account_courses_wishlist (id, created_at, updated_at, course_id, user_id) FROM stdin;
\.


--
-- Data for Name: accounts_account; Type: TABLE DATA; Schema: public; Owner: akai
--

COPY public.accounts_account (id, password, first_name, last_name, username, email, phone_number, date_joined, last_login, is_admin, is_staff, is_active, is_superadmin, avt_url) FROM stdin;
6	pbkdf2_sha256$600000$tkD88G55jiXr40eaMB7008$FPqGwx0ymZVhfPjm7WwsMUSH1t7ikeZ13fkazTp6O+g=	Akaiiasdsad	Stark	akaistark	ntsang000@gmail.com	0329907425	2024-08-27 20:25:52.59226+07	2024-08-27 20:45:56.257856+07	f	f	t	f	
8	pbkdf2_sha256$600000$tkD88G55jiXr40eaMB7008$FPqGwx0ymZVhfPjm7WwsMUSH1t7ikeZ13fkazTp6O+g=	sang	ngooooo	sangooo	sangooo@gmail.com	0329907425	2024-08-27 21:58:28.652273+07	2024-08-27 21:58:42.950812+07	f	f	t	f	user_avt/conan1.jpg
2	pbkdf2_sha256$600000$M1sVUkwjzzwTnovvG1cNkH$HXtEnO4eIOOcD9XA+nucfbIvCWug4ZwLO/m42EiUbp4=	Sang	Ngo	sangngothanh	nts@gmail.com		2024-08-27 19:27:58.285767+07	2024-08-27 19:27:58.285791+07	f	f	f	f	
3	pbkdf2_sha256$600000$XdWo3DihFaNvgy0HTzSCXu$fVGky3GtKeobvTT0Bt7r54CEIpIyvnmVCVP1/ILfqpQ=	Ngo Thanh	Sang	akaisme	akaisments@gmail.com		2024-08-27 19:33:35.965627+07	2024-08-27 19:33:35.965666+07	f	f	f	f	
4	Ngothanhsang1.	Ngo	Thanh	sangnts	ntsang@gmail.com	0329907425	2024-08-27 19:35:25.311142+07	2024-08-27 19:35:25.311165+07	f	f	f	f	
5	pbkdf2_sha256$600000$i6CifiVhtO4fEUtGvCWkUe$dW5A0orHAeZm56PxbuxTI6KngCxZ+3rr0NzQV2Gib0w=	Akai	Stark	akaismee	ngothanhsang00@gmail.com		2024-08-27 20:04:04.68858+07	2024-08-27 20:04:04.688601+07	f	f	f	f	
7	pbkdf2_sha256$600000$tkD88G55jiXr40eaMB7008$FPqGwx0ymZVhfPjm7WwsMUSH1t7ikeZ13fkazTp6O+g=	sang	ngo	sang000	sang000@gmail.com		2024-08-27 20:34:34.657187+07	2024-08-27 20:35:10.437155+07	t	t	t	t	
1	pbkdf2_sha256$600000$aOiKvm0X0EGKSiFDNXVmsM$Fyc9zWykN6W09D0aSZq9MgiAGYquHhDCR1BLSRk6nzc=	sang	ngo	sangnt	ngothanhsang000@gmail.com		2024-08-27 11:19:59.04452+07	2024-08-27 20:45:06.463557+07	t	t	t	t	
\.


--
-- Data for Name: accounts_user; Type: TABLE DATA; Schema: public; Owner: akai
--

COPY public.accounts_user (id, password, last_login, is_superuser, username, first_name, last_name, is_staff, is_active, date_joined, email, avt_url) FROM stdin;
1	hashed_password	2023-11-21 12:30:00+07	t	example_user	John	Doe	t	t	2023-11-21 12:00:00+07	john.doe@example.com	images/avatar.png
4	pbkdf2_sha256$600000$LZKgLxSn3kpAbvxfATwcSd$SwRPKR9SOpS94Qy/IcEoIRZY5j5SGnkDBckVFhbJEEg=	2023-12-08 12:38:35.771399+07	t		Akaida	Admind	t	t	2019-04-19 19:26:27.376043+07	admin@admin.com	images/bg.jpg
5	pbkdf2_sha256$600000$ymvGyzi2S3HEfGLFsomoEk$I2crnv5JlHQf1xkcSxHA2DorU1u1p6EEX50/wN1Acxk=	2023-12-08 13:18:38.820469+07	f	akabane	Sang	Ngo	f	t	2023-11-22 19:11:43.60843+07	akabane@gmail.com	images/avatar.png
\.


--
-- Data for Name: accounts_user_groups; Type: TABLE DATA; Schema: public; Owner: akai
--

COPY public.accounts_user_groups (id, user_id, group_id) FROM stdin;
\.


--
-- Data for Name: accounts_user_user_permissions; Type: TABLE DATA; Schema: public; Owner: akai
--

COPY public.accounts_user_user_permissions (id, user_id, permission_id) FROM stdin;
\.


--
-- Data for Name: auth_group; Type: TABLE DATA; Schema: public; Owner: akai
--

COPY public.auth_group (id, name) FROM stdin;
\.


--
-- Data for Name: auth_group_permissions; Type: TABLE DATA; Schema: public; Owner: akai
--

COPY public.auth_group_permissions (id, group_id, permission_id) FROM stdin;
\.


--
-- Data for Name: auth_permission; Type: TABLE DATA; Schema: public; Owner: akai
--

COPY public.auth_permission (id, name, content_type_id, codename) FROM stdin;
1	Can add log entry	1	add_logentry
2	Can change log entry	1	change_logentry
3	Can delete log entry	1	delete_logentry
4	Can view log entry	1	view_logentry
5	Can add permission	2	add_permission
6	Can change permission	2	change_permission
7	Can delete permission	2	delete_permission
8	Can view permission	2	view_permission
9	Can add group	3	add_group
10	Can change group	3	change_group
11	Can delete group	3	delete_group
12	Can view group	3	view_group
13	Can add content type	4	add_contenttype
14	Can change content type	4	change_contenttype
15	Can delete content type	4	delete_contenttype
16	Can view content type	4	view_contenttype
17	Can add session	5	add_session
18	Can change session	5	change_session
19	Can delete session	5	delete_session
20	Can view session	5	view_session
21	Can add account	6	add_account
22	Can change account	6	change_account
23	Can delete account	6	delete_account
24	Can view account	6	view_account
25	Can add category	7	add_category
26	Can change category	7	change_category
27	Can delete category	7	delete_category
28	Can view category	7	view_category
29	Can add course	8	add_course
30	Can change course	8	change_course
31	Can delete course	8	delete_course
32	Can view course	8	view_course
33	Can add lesson	9	add_lesson
34	Can change lesson	9	change_lesson
35	Can delete lesson	9	delete_lesson
36	Can view lesson	9	view_lesson
37	Can add rating	10	add_rating
38	Can change rating	10	change_rating
39	Can delete rating	10	delete_rating
40	Can view rating	10	view_rating
41	Can add wishlist	11	add_wishlist
42	Can change wishlist	11	change_wishlist
43	Can delete wishlist	11	delete_wishlist
44	Can view wishlist	11	view_wishlist
45	Can add enroll	12	add_enroll
46	Can change enroll	12	change_enroll
47	Can delete enroll	12	delete_enroll
48	Can view enroll	12	view_enroll
\.


--
-- Data for Name: courses_category; Type: TABLE DATA; Schema: public; Owner: akai
--

COPY public.courses_category (id, title, slug) FROM stdin;
1	Data Science	data-science
2	Web Development	web-development
3	Programming Languages	programming-languages
4	Mobile Development	mobile-development
6	Software Testing	software-testing
7	Database	database
5	Software Engineering	software-engineering
\.


--
-- Data for Name: courses_course; Type: TABLE DATA; Schema: public; Owner: akai
--

COPY public.courses_course (title, user_id, category_id, slug, short_description, description, outcome, requirements, language, price, level, thumbnail, video_url, is_published, created_at, updated_at, rating) FROM stdin;
Java Development for Beginners	1	1	java-development-for-beginners	Get started with Java programming.	This course is designed for beginners who want to learn Java development from scratch.	No prior programming experience required.	None	English	29.99	Beginner	thumbnails/java-thumbnail.jpg	java-video-url.mp4	t	2023-01-02 12:00:00+07	2023-01-02 12:00:00+07	5
Web Development with PHP	1	1	web-development-with-php	Build dynamic websites with PHP.	Learn how to use PHP for server-side web development and create interactive web applications.	Basic knowledge of HTML and CSS.	Familiarity with programming concepts.	English	59.99	Intermediate	thumbnails/php_thumbnail.jpg	php-video-url.mp4	f	2023-01-05 12:00:00+07	2023-01-05 12:00:00+07	4.5
Swift Programming for iOS Development	1	1	swift-programming-for-ios-development	Develop iOS applications with Swift.	Learn the Swift programming language and build applications for iPhones and iPads.	Basic knowledge of programming concepts.	Familiarity with mobile app development.	English	69.99	Intermediate	thumbnails/swift_thumbnail.png	swift-video-url.mp4	t	2023-01-07 12:00:00+07	2023-01-07 12:00:00+07	5
Ruby on Rails: From Novice to Ninja	1	1	ruby-on-rails-from-novice-to-ninja	Become a Ruby on Rails expert.	This comprehensive course covers everything from the basics to advanced topics in Ruby on Rails development.	Basic understanding of Ruby programming.	Experience with web development.	English	29.99	Advanced	thumbnails/rails-thumbnail.jpg	rails-video-url.mp4	t	2023-01-06 12:00:00+07	2023-01-06 12:00:00+07	5
R Programming for Data Science	1	1	r-programming-for-data-science	Use R for statistical analysis and data visualization.	Explore the R programming language for data manipulation, analysis, and visualization.	Basic knowledge of programming concepts.	Understanding of basic statistical concepts.	English	49.99	Intermediate	thumbnails/r-thumbnail.jpg	r-video-url.mp4	t	2023-01-08 12:00:00+07	2023-01-08 12:00:00+07	5
Python Programming Fundamentals	1	1	python-programming-fundamentals	Learn the basics of Python programming.	This course covers the fundamental concepts of Python programming, including variables, loops, and functions.	Basic understanding of Python programming.	None	English	19.99	Beginner	thumbnails/python-thumbnail.png	python-video-url.mp4	t	2023-01-01 12:00:00+07	2023-01-01 12:00:00+07	5
Kotlin Development for Android	1	1	kotlin-development-for-android	Build Android applications with Kotlin.	Learn the Kotlin programming language and develop Android apps with modern and concise code.	Basic knowledge of programming concepts.	Familiarity with mobile app development.	English	79.99	Advanced	thumbnails/kotlin-thumbnail.png	kotlin-video-url.mp4	f	2023-01-09 12:00:00+07	2023-01-09 12:00:00+07	5
JavaScript Essentials	1	1	javascript-essentials	Master the essentials of JavaScript programming.	Explore the core concepts of JavaScript and build a strong foundation for web development.	Basic knowledge of HTML and CSS.	None	English	39.99	Intermediate	thumbnails/js-thumbnail.png	javascript-video-url.mp4	t	2023-01-03 12:00:00+07	2023-01-03 12:00:00+07	5
Go Programming Language: Mastering the Basics	1	1	go-programming-language-mastering-the-basics	Master the basics of Go programming language.	Explore the fundamentals of Go (Golang) and build scalable and efficient software.	Basic understanding of programming concepts.	None	English	39.99	Intermediate	thumbnails/go-language.jpg	go-video-url.mp4	t	2023-01-10 12:00:00+07	2023-01-10 12:00:00+07	5
Cpp Programming for Advanced Users	1	1	cpp-programming-for-advanced-users	Advance your skills in C++ programming.	This course is for experienced C++ developers looking to deepen their understanding and proficiency.	Solid understanding of C++ fundamentals.	Experience with C++ development.	English	49.99	Advanced	thumbnails/cpp_thumbnail.jpg	cpp-video-url.mp4	t	2023-01-04 12:00:00+07	2023-01-04 12:00:00+07	5
Software Architecture and Design Patterns	1	5	software-architecture-and-design-patterns	Master the art of designing scalable and maintainable.	Learn about software architecture styles, design patterns, and best practices for building robust and scalable applications.	Upon completion, students will be able to design scalable and maintainable software systems using architecture styles and design patterns.	Intermediate programming skills, knowledge of basic design principles	English	79.99	Intermediate	thumbnails/software-security-thumbnail.png	https://www.example.com/courses/software-architecture	t	2023-11-30 17:32:56+07	2023-11-30 17:32:56+07	4.8
DevOps Practices and Continuous Integration	1	5	devops-practices-and-continuous-integration	Integrate development and operations for efficient.	This course covers DevOps principles, continuous integration, and tools for streamlining the software development lifecycle.	Upon completion, students will be able to implement DevOps practices and continuous integration for efficient software delivery.	Understanding of software development and basic system administration	English	89.99	Advanced	thumbnails/devops_thumbnail.jpg	https://www.example.com/courses/devops-ci	t	2023-11-30 17:32:56+07	2023-11-30 17:32:56+07	5
Web Development with Django	1	5	web-development-with-django	Build web applications using the Django framework.	This course teaches web development using Django, covering topics such as models, views, templates, and deployment.	Upon completion, students will be able to build web applications using the Django framework.	Intermediate programming skills, knowledge of Python	English	79.99	Intermediate	thumbnails/web_python_thumbnail.jpg	https://www.example.com/courses/web-dev-django	t	2023-11-30 17:32:56+07	2023-11-30 17:32:56+07	4
Software Security and Ethical Hacking	1	5	software-security-and-ethical-hacking	Learn to secure software systems and protect against cyber.	Explore software security principles, common vulnerabilities, and ethical hacking techniques to enhance application security.	Upon completion, students will understand software security principles and techniques for ethical hacking.	Basic understanding of software development and networking	English	79.99	Advanced	thumbnails/software_security.png	https://www.example.com/courses/software-security	t	2023-11-30 17:32:56+07	2023-11-30 17:32:56+07	5
Quality Assurance and Testing in Software Engineering	1	5	quality-assurance-and-testing-in-software-engineering	Ensure software quality through effective testing strategies.	Explore testing methodologies, automated testing tools, and best practices for ensuring the reliability of software applications.	Upon completion, students will understand testing methodologies and tools for ensuring software quality.	Basic understanding of software development and programming	English	69.99	Intermediate	thumbnails/qa-testing-thumbnail.jpg	https://www.example.com/courses/qa-testing	t	2023-11-30 17:32:56+07	2023-11-30 17:32:56+07	5
Mobile App Development with React Native	1	1	mobile-app-development-with-react-native	Create cross-platform mobile apps using React Native.	Learn mobile app development using React Native, including components, navigation, and state management.	Upon completion, students will be able to create cross-platform mobile apps using React Native.	Basic understanding of JavaScript, React knowledge is a plus	English	89.99	Intermediate	thumbnails/mobile-dev-react-native-thumbnail.jpg	https://www.example.com/courses/mobile-dev-react-native	t	2023-11-30 17:32:56+07	2023-11-30 17:32:56+07	5
Introduction to Software Engineering	1	5	introduction-to-software-engineering	Learn the basics of software engineering and its principles.	This course covers fundamental concepts in software engineering, including software development life cycle, requirements engineering, and software design.	Upon completion, students will understand the software development life cycle and basic principles of software engineering.	Understanding of software development processes, basic programming knowledge	English	49.99	Beginner	thumbnails/intro-to-se-thumbnail.jpg	https://www.example.com/courses/intro-to-se	t	2023-11-30 17:32:56+07	2023-11-30 17:32:56+07	5
Agile Development Practices	1	5	agile-development-practices	Explore Agile methodologies and application in software dev.	This course dives into Agile principles, Scrum, and Kanban methodologies, emphasizing iterative and collaborative development.	Upon completion, students will be familiar with Agile methodologies and practices for collaborative development.	Basic understanding of software development	English	59.99	Intermediate	thumbnails/agile_dev_thumbnail.jpg	https://www.example.com/courses/agile-development	t	2023-11-30 17:32:56+07	2023-11-30 17:32:56+07	5
Intro to Databases	1	7	intro-to-databases	An introduction to the basics of databases.	This course covers the fundamental concepts of databases and database management systems.	Understand the basics of databases, Learn about relational database models.	No specific requirements.	English	49.99	Beginner	thumbnails/intro_to_databases_thumbnail.jpg	https://www.youtube.com/playlist?list=PLQVJk9oC5JKohoyVILfdxOOzyl6w-yOur	t	2023-12-10 20:18:40.994951+07	2023-12-10 20:18:40.994963+07	4.5
Learn Complete SQL	1	7	learn-complete-sql	Master SQL with this comprehensive course.	A complete guide to SQL, covering all aspects from basic queries to advanced database operations.	Master SQL, Perform complex database queries.	Basic understanding of databases.	English	59.99	Intermediate	thumbnails/learn_complete_sql_thumbnail.jpg	https://www.youtube.com/playlist?list=PLavw5C92dz9Ef4E-1Zi9KfCTXS_IN8gXZ	t	2023-12-10 20:18:40.994964+07	2023-12-10 20:18:40.994965+07	4.8
Database Normalization	1	7	database-normalization	Understanding the process of database normalization.	Learn the importance of database normalization and how to apply normalization techniques.	Understand the normalization process, Apply normalization to database design.	Basic knowledge of databases.	English	39.99	Intermediate	thumbnails/database_normalization_thumbnail.jpg	https://www.youtube.com/playlist?list=PLLGlmW7jT-nTr1ory9o2MgsOmmx2w8FB3	t	2023-12-10 20:18:40.994966+07	2023-12-10 20:18:40.994966+07	4.3
NoSQL Databases	1	7	nosql-databases	Exploring the world of NoSQL databases.	An in-depth look at different types of NoSQL databases and their use cases.	Understand NoSQL database concepts, Choose the right NoSQL database for specific scenarios.	Basic understanding of databases.	English	49.99	Intermediate	thumbnails/nosql_databases_thumbnail.jpg	https://www.youtube.com/playlist?list=PLqfPEK2RTgCiDwThc4fm67aXIi3ZzFUgA	t	2023-12-10 20:18:40.994967+07	2023-12-10 20:18:40.994967+07	4.5
Fundamentals of Database Administration	1	7	fundamentals-of-database-administration	Essential skills for effective database administration.	Learn the fundamental principles of database administration and management.	Acquire database administration skills, Perform routine maintenance tasks.	Basic knowledge of databases.	English	54.99	Intermediate	thumbnails/database_administration_thumbnail.jpg	https://www.youtube.com/playlist?list=PLDYqU5RH_aX1hdZ32WfXklJlkh-H74juv	t	2023-12-10 20:18:40.994968+07	2023-12-10 20:18:40.994968+07	4.7
Advanced SQL Concepts	1	7	advanced-sql-concepts	Explore advanced SQL features and techniques.	Dive deep into complex SQL concepts and enhance your database querying skills.	Master advanced SQL queries, Optimize SQL performance.	Strong understanding of SQL fundamentals.	English	64.99	Advanced	thumbnails/advanced_sql_concepts_thumbnail.jpg	https://www.youtube.com/playlist?list=PLbTF1OfX62c3RQ_ZFfyNBWVPdz_OWTMLG	t	2023-12-10 20:18:40.994969+07	2023-12-10 20:18:40.994969+07	4.9
Database Management Systems	1	7	database-management-systems	Comprehensive study of database management systems.	Learn about different types of database management systems and their features.	Understand DBMS concepts, Choose the right DBMS for specific applications.	Basic knowledge of databases.	English	59.99	Intermediate	thumbnails/dbms_thumbnail.jpg	https://www.youtube.com/playlist?list=PLBlnK6fEyqRi_CUQ-FXxgzKQ1dwr_ZJWZ	t	2023-12-10 20:18:40.99497+07	2023-12-10 20:18:40.99497+07	4.6
The Complete 2023 Web Development Bootcamp	1	2	complete-2023-web-development-bootcamp	A comprehensive web development bootcamp covering the latest technologies.	This bootcamp provides hands-on experience in web development with a focus on industry-relevant skills.	Build full-stack web applications, Understand web development best practices.	Basic understanding of programming concepts.	English	99.99	Intermediate	thumbnails/the-complete-2023-web-development-bootcamp_thumbnail.jpg	https://www.youtube.com/playlist?list=PL8ThWVrtoaIej99JohYT8D6jKWJrNNfBW	t	2023-12-10 21:17:45.65082+07	2023-12-10 21:17:45.650828+07	4.7
JavaScript Tutorials	1	2	javascript-tutorials	Learn JavaScript from the basics to advanced concepts.	A series of tutorials that cover JavaScript programming, from the fundamentals to advanced topics.	Master JavaScript programming, Build interactive web applications.	Basic understanding of HTML and CSS.	English	49.99	Beginner	thumbnails/javascript-tutorials_thumbnail.jpg	https://www.youtube.com/playlist?list=PLTjRvDozrdlxEIuOBZkMAK5uiqp8rHUax	t	2023-12-10 21:17:45.650829+07	2023-12-10 21:17:45.650829+07	4.5
Full Stack Open 2022	1	2	full-stack-open-2022	An in-depth course on full-stack web development using modern technologies.	This course covers the entire process of building modern web applications, including front-end and back-end development.	Become a full-stack developer, Work with popular web development tools.	Intermediate knowledge of JavaScript and web development.	English	79.99	Intermediate	thumbnails/full-stack-open-2022_thumbnail.jpg	https://www.youtube.com/playlist?list=PLAVYuKOCwjTD1bw_xBaiapoIzkqF-e7X4	t	2023-12-10 21:17:45.65083+07	2023-12-10 21:17:45.65083+07	4.8
Web Development Course	1	2	web-development-course	A comprehensive course covering the essentials of web development.	Learn the foundational concepts of web development, including HTML, CSS, and JavaScript.	Build static and interactive web pages, Understand web design principles.	No prerequisites.	English	29.99	Beginner	thumbnails/web-development-course_thumbnail.jpg	https://www.youtube.com/playlist?list=PLfqMhTWNBTe3H6c9OGXb5_6wcc1Mca52n	t	2023-12-10 21:17:45.650831+07	2023-12-10 21:17:45.650831+07	4.2
PHP Course for Beginners	1	2	php-course-for-beginners	Get started with PHP programming for web development.	This course is designed for beginners to learn PHP and its applications in web development.	Understand PHP basics, Build dynamic web pages with PHP.	Basic understanding of HTML and CSS.	English	39.99	Beginner	thumbnails/php-course-for-beginners_thumbnail.jpg	https://www.youtube.com/playlist?list=PL0eyrZgxdwhwwQQZA79OzYwl5ewA7HQih	t	2023-12-10 21:17:45.650832+07	2023-12-10 21:17:45.650832+07	4.4
Full Modern React Tutorial	1	2	full-modern-react-tutorial	Learn React.js with this comprehensive tutorial.	A complete guide to React.js, covering modern practices and best development techniques.	Master React.js, Build dynamic and responsive user interfaces.	Intermediate knowledge of JavaScript and HTML.	English	59.99	Intermediate	thumbnails/full-modern-react-tutorial_thumbnail.jpg	https://www.youtube.com/playlist?list=PL4cUxeGkcC9gZD-Tvwfod2gaISzfRiP9d	t	2023-12-10 21:17:45.650833+07	2023-12-10 21:17:45.650833+07	4.6
\.


--
-- Data for Name: courses_lesson; Type: TABLE DATA; Schema: public; Owner: akai
--

COPY public.courses_lesson (id, course_id, title, duration, video_url, created_at, updated_at) FROM stdin;
1544	introduction-to-software-engineering	Software Engineering - Process Models	45	https://www.youtube.com/watch?v=1UD1P-fDCiI	2024-08-27 19:24:51.616689+07	2024-08-27 19:24:51.616689+07
1545	introduction-to-software-engineering	Software Engineering - System Engineering Process	44	https://www.youtube.com/watch?v=bLwaYMqyPFA	2024-08-27 19:24:51.616689+07	2024-08-27 19:24:51.616689+07
1546	introduction-to-software-engineering	Software Engineering - Requirements Engineering Process, Part I	15	https://www.youtube.com/watch?v=rsPYsO7Cyv0	2024-08-27 19:24:51.616689+07	2024-08-27 19:24:51.616689+07
1547	introduction-to-software-engineering	Software Engineering - Requirements Engineering Process, Part II	19	https://www.youtube.com/watch?v=TcPl4yH9fQc	2024-08-27 19:24:51.616689+07	2024-08-27 19:24:51.616689+07
1548	introduction-to-software-engineering	software Engineering -Requirement Engineering Process Part III	32	https://www.youtube.com/watch?v=yZOFzZ_6qLc	2024-08-27 19:24:51.616689+07	2024-08-27 19:24:51.616689+07
1549	introduction-to-software-engineering	Software Engineering - Requirements Engineering Process, Part IV	18	https://www.youtube.com/watch?v=mzYcLzzYJug	2024-08-27 19:24:51.616689+07	2024-08-27 19:24:51.616689+07
1550	introduction-to-software-engineering	Software Engineering - Software Prototyping	19	https://www.youtube.com/watch?v=ldntB9Cw7JA	2024-08-27 19:24:51.616689+07	2024-08-27 19:24:51.616689+07
1551	introduction-to-software-engineering	Software Engineering - Software Design Part 1	12	https://www.youtube.com/watch?v=F440S-HibGQ	2024-08-27 19:24:51.616689+07	2024-08-27 19:24:51.616689+07
1552	introduction-to-software-engineering	Software Engineering - Software Design Part 2	15	https://www.youtube.com/watch?v=fN9IrxdxXUg	2024-08-27 19:24:51.616689+07	2024-08-27 19:24:51.616689+07
1553	introduction-to-software-engineering	Software Engineering - Software Design Part 3	23	https://www.youtube.com/watch?v=KN9Y70RxZ-o	2024-08-27 19:24:51.616689+07	2024-08-27 19:24:51.616689+07
1554	introduction-to-software-engineering	Software Engineering - Software Design Part 4	13	https://www.youtube.com/watch?v=X7EJck9XnBE	2024-08-27 19:24:51.616689+07	2024-08-27 19:24:51.616689+07
1555	introduction-to-software-engineering	Software Engineering - Software Design Part 5	31	https://www.youtube.com/watch?v=-biMMy9sNxw	2024-08-27 19:24:51.616689+07	2024-08-27 19:24:51.616689+07
1556	introduction-to-software-engineering	Software Engineering - Software Design Part 6	29	https://www.youtube.com/watch?v=xu2Sug6ztk8	2024-08-27 19:24:51.616689+07	2024-08-27 19:24:51.616689+07
1557	introduction-to-software-engineering	Software Engineering - Function oriented Design and Object Oriented Design	11	https://www.youtube.com/watch?v=Q08HC8xO3eo	2024-08-27 19:24:51.616689+07	2024-08-27 19:24:51.616689+07
1558	introduction-to-software-engineering	Software Engineering - Object Oriented Design Part 2	14	https://www.youtube.com/watch?v=vOtlE4iElnU	2024-08-27 19:24:51.616689+07	2024-08-27 19:24:51.616689+07
1559	introduction-to-software-engineering	Software Engineering - Object Oriented Design Part 3	22	https://www.youtube.com/watch?v=9jvdrWuAXFQ	2024-08-27 19:24:51.616689+07	2024-08-27 19:24:51.616689+07
1560	introduction-to-software-engineering	Software Engineering - Object Oriented Design Part 4	12	https://www.youtube.com/watch?v=tvStdqDdF-M	2024-08-27 19:24:51.616689+07	2024-08-27 19:24:51.616689+07
1561	agile-development-practices	What is Agile?	11	https://www.youtube.com/watch?v=Z9QbYZh1YXY	2024-08-27 19:24:51.616689+07	2024-08-27 19:24:51.616689+07
1562	agile-development-practices	What is the Difference between Agile and Scrum?	4	https://www.youtube.com/watch?v=Bmikq_Opft8	2024-08-27 19:24:51.616689+07	2024-08-27 19:24:51.616689+07
1563	agile-development-practices	Lets Talk Core Scrum: What is it and How Does it Impact Organizations?	4	https://www.youtube.com/watch?v=60J5WBEWY1c	2024-08-27 19:24:51.616689+07	2024-08-27 19:24:51.616689+07
1564	agile-development-practices	Lets Talk Product Owners: What Role Do They Play on Scrum Teams?	3	https://www.youtube.com/watch?v=5RT2f6sXxRM	2024-08-27 19:24:51.616689+07	2024-08-27 19:24:51.616689+07
1565	agile-development-practices	Lets Talk ScrumMasters: Who are They & What do They do?	1	https://www.youtube.com/watch?v=Qk7lSNGVQ-I	2024-08-27 19:24:51.616689+07	2024-08-27 19:24:51.616689+07
1566	agile-development-practices	Lets Talk Scrum Development Teams: What are Their Roles in Scrum Projects?	2	https://www.youtube.com/watch?v=CjHQcYHQGM0	2024-08-27 19:24:51.616689+07	2024-08-27 19:24:51.616689+07
1567	agile-development-practices	The scrum master role explained	4	https://www.youtube.com/watch?v=f-rsUA2VLn8	2024-08-27 19:24:51.616689+07	2024-08-27 19:24:51.616689+07
1568	agile-development-practices	Introduction to Scrum - 7 Minutes	7	https://www.youtube.com/watch?v=9TycLR0TqFA	2024-08-27 19:24:51.616689+07	2024-08-27 19:24:51.616689+07
1569	agile-development-practices	SCRUM: Twice the Work, Half the Time	10	https://www.youtube.com/watch?v=RaaBrPCo_Mw	2024-08-27 19:24:51.616689+07	2024-08-27 19:24:51.616689+07
1570	agile-development-practices	Introduction to Scrum - CollabNet Scrum Training Part 1	14	https://www.youtube.com/watch?v=D8vT7G0WATM	2024-08-27 19:24:51.616689+07	2024-08-27 19:24:51.616689+07
1571	agile-development-practices	Backlog Refinement Meeting - CollabNet Scrum Training Part 2	14	https://www.youtube.com/watch?v=b_WeHcZcx1w	2024-08-27 19:24:51.616689+07	2024-08-27 19:24:51.616689+07
1572	agile-development-practices	Sprint Planning Meeting - CollabNet Scrum Training Part 3	13	https://www.youtube.com/watch?v=wPvG9NZNUa4	2024-08-27 19:24:51.616689+07	2024-08-27 19:24:51.616689+07
1573	agile-development-practices	Daily Scrum Meeting -  CollabNet Scrum Training Part 4	14	https://www.youtube.com/watch?v=G4_oHZbURgU	2024-08-27 19:24:51.616689+07	2024-08-27 19:24:51.616689+07
1574	agile-development-practices	Sprint Review Meeting -  CollabNet Scrum Training Part 5	17	https://www.youtube.com/watch?v=cbJinz6TieI	2024-08-27 19:24:51.616689+07	2024-08-27 19:24:51.616689+07
1575	agile-development-practices	Sprint Retrospective Meeting - CollabNet Scrum Training Part 6	16	https://www.youtube.com/watch?v=rZ8I0ATrauM	2024-08-27 19:24:51.616689+07	2024-08-27 19:24:51.616689+07
1576	agile-development-practices	Scrum: Jeff Sutherland Breaks Down the Structure of Scrum	5	https://www.youtube.com/watch?v=O7cA1q0XwhE	2024-08-27 19:24:51.616689+07	2024-08-27 19:24:51.616689+07
1577	agile-development-practices	Moving into Agile Leadership: How to Lead Teams in the New Way of Working	30	https://www.youtube.com/watch?v=D6JXmv2TQ-g	2024-08-27 19:24:51.616689+07	2024-08-27 19:24:51.616689+07
1578	agile-development-practices	Splitting User Stories - Agile Practices	8	https://www.youtube.com/watch?v=EDT0HMtDwYI	2024-08-27 19:24:51.616689+07	2024-08-27 19:24:51.616689+07
1579	software-architecture-and-design-patterns	17IS72 SA 1.1	30	https://www.youtube.com/watch?v=tHPkgx9HwGs	2024-08-27 19:24:51.616689+07	2024-08-27 19:24:51.616689+07
1580	software-architecture-and-design-patterns	17IS72 SA 1. 2	35	https://www.youtube.com/watch?v=ha2TMlk9rq0	2024-08-27 19:24:51.616689+07	2024-08-27 19:24:51.616689+07
1581	software-architecture-and-design-patterns	17IS72-SA - 1. 3	37	https://www.youtube.com/watch?v=thNc-WTHTF4	2024-08-27 19:24:51.616689+07	2024-08-27 19:24:51.616689+07
1582	software-architecture-and-design-patterns	17IS72 SA 1. 4	34	https://www.youtube.com/watch?v=tAglcTREjP4	2024-08-27 19:24:51.616689+07	2024-08-27 19:24:51.616689+07
1583	software-architecture-and-design-patterns	17IS72 SA 1.5	32	https://www.youtube.com/watch?v=UnQalhhDock	2024-08-27 19:24:51.616689+07	2024-08-27 19:24:51.616689+07
1584	software-architecture-and-design-patterns	17IS72 SA 2 .1	50	https://www.youtube.com/watch?v=8P5HhsiQLOQ	2024-08-27 19:24:51.616689+07	2024-08-27 19:24:51.616689+07
1585	software-architecture-and-design-patterns	17IS72 SA 2.2	33	https://www.youtube.com/watch?v=Zcl8T9x-DXA	2024-08-27 19:24:51.616689+07	2024-08-27 19:24:51.616689+07
1586	software-architecture-and-design-patterns	17IS72 SA 2.3	31	https://www.youtube.com/watch?v=iF9NrTcnG1A	2024-08-27 19:24:51.616689+07	2024-08-27 19:24:51.616689+07
1587	software-architecture-and-design-patterns	17IS72 SA 2.4	34	https://www.youtube.com/watch?v=BKtj3QbEbGs	2024-08-27 19:24:51.616689+07	2024-08-27 19:24:51.616689+07
1588	software-architecture-and-design-patterns	17IS72 SA 2.5	48	https://www.youtube.com/watch?v=h-wtcI3wPdA	2024-08-27 19:24:51.616689+07	2024-08-27 19:24:51.616689+07
1589	software-architecture-and-design-patterns	17IS72 SA 2.6	41	https://www.youtube.com/watch?v=xbU2xIrwW7c	2024-08-27 19:24:51.616689+07	2024-08-27 19:24:51.616689+07
1590	software-architecture-and-design-patterns	17IS72 SA 2 7	61	https://www.youtube.com/watch?v=B6uZrOt0AJg	2024-08-27 19:24:51.616689+07	2024-08-27 19:24:51.616689+07
1591	software-architecture-and-design-patterns	17IS72 SA 3 1	58	https://www.youtube.com/watch?v=bP3QuLbDEJo	2024-08-27 19:24:51.616689+07	2024-08-27 19:24:51.616689+07
1592	software-architecture-and-design-patterns	17IS72 SA 3 2	52	https://www.youtube.com/watch?v=ZuyK0u9QdZU	2024-08-27 19:24:51.616689+07	2024-08-27 19:24:51.616689+07
1593	software-architecture-and-design-patterns	17IS72 SA 3 3	54	https://www.youtube.com/watch?v=7flY1KQAWiM	2024-08-27 19:24:51.616689+07	2024-08-27 19:24:51.616689+07
1594	software-architecture-and-design-patterns	17IS72 SA 3 4	37	https://www.youtube.com/watch?v=c2bA7lUxdwk	2024-08-27 19:24:51.616689+07	2024-08-27 19:24:51.616689+07
1595	software-architecture-and-design-patterns	17IS72 SA 3 5	48	https://www.youtube.com/watch?v=eK-MZcHoKtE	2024-08-27 19:24:51.616689+07	2024-08-27 19:24:51.616689+07
1596	software-architecture-and-design-patterns	17IS72 SA 3 6	56	https://www.youtube.com/watch?v=yZddWqoeRIY	2024-08-27 19:24:51.616689+07	2024-08-27 19:24:51.616689+07
1597	software-architecture-and-design-patterns	17IS72 SA 3 7	40	https://www.youtube.com/watch?v=smjl4E1J4d4	2024-08-27 19:24:51.616689+07	2024-08-27 19:24:51.616689+07
1598	software-architecture-and-design-patterns	17IS72 SA 3 8	51	https://www.youtube.com/watch?v=O_5HP272Ec4	2024-08-27 19:24:51.616689+07	2024-08-27 19:24:51.616689+07
1599	software-architecture-and-design-patterns	17IS72 SA 3 10	47	https://www.youtube.com/watch?v=Scb4tLXNrkk	2024-08-27 19:24:51.616689+07	2024-08-27 19:24:51.616689+07
1600	software-architecture-and-design-patterns	17IS72 SA 3 11	37	https://www.youtube.com/watch?v=_KLrzV59F04	2024-08-27 19:24:51.616689+07	2024-08-27 19:24:51.616689+07
1601	quality-assurance-and-testing-in-software-engineering	Software Testing life Cycle - Testing Methodology - Software Testing and Quality Assurance	11	https://www.youtube.com/watch?v=ogMKSPgfy9I	2024-08-27 19:24:51.616689+07	2024-08-27 19:24:51.616689+07
1602	quality-assurance-and-testing-in-software-engineering	Effective software testing vs Exhaustive software testing - Testing Methodology	5	https://www.youtube.com/watch?v=z2DGTLhwix8	2024-08-27 19:24:51.616689+07	2024-08-27 19:24:51.616689+07
1603	quality-assurance-and-testing-in-software-engineering	Software testing terminology - Testing Methodology - Software Testing and Quality Assurance	6	https://www.youtube.com/watch?v=14MVFbisb_k	2024-08-27 19:24:51.616689+07	2024-08-27 19:24:51.616689+07
1604	quality-assurance-and-testing-in-software-engineering	Verification and validation - Testing Methodology - Software Testing and Quality Assurance	12	https://www.youtube.com/watch?v=DcxfNNKYkQM	2024-08-27 19:24:51.616689+07	2024-08-27 19:24:51.616689+07
1605	quality-assurance-and-testing-in-software-engineering	Black box testing - Testing Techniques - Software Testing and Quality Assurance	7	https://www.youtube.com/watch?v=t37wzt1R4WQ	2024-08-27 19:24:51.616689+07	2024-08-27 19:24:51.616689+07
1606	quality-assurance-and-testing-in-software-engineering	Requirement based testing - Testing Techniques - Software Testing and Quality Assurance	6	https://www.youtube.com/watch?v=UqD5D7m0RAk	2024-08-27 19:24:51.616689+07	2024-08-27 19:24:51.616689+07
1607	quality-assurance-and-testing-in-software-engineering	Boundary Value Analysis - Testing Techniques - Software Testing and Quality Assurance	6	https://www.youtube.com/watch?v=anECgf89zck	2024-08-27 19:24:51.616689+07	2024-08-27 19:24:51.616689+07
1608	quality-assurance-and-testing-in-software-engineering	Equivalence partition testing - Testing Techniques - Software Testing and Quality Assurance	3	https://www.youtube.com/watch?v=tFnVhi3lX4g	2024-08-27 19:24:51.616689+07	2024-08-27 19:24:51.616689+07
1609	quality-assurance-and-testing-in-software-engineering	Decision table - Testing Techniques - Software Testing and Quality Assurance	3	https://www.youtube.com/watch?v=S3NFVY88Its	2024-08-27 19:24:51.616689+07	2024-08-27 19:24:51.616689+07
1610	quality-assurance-and-testing-in-software-engineering	State based testing - Testing Techniques - Software Testing and Quality Assurance	7	https://www.youtube.com/watch?v=xPKAwOR4Qk8	2024-08-27 19:24:51.616689+07	2024-08-27 19:24:51.616689+07
1611	quality-assurance-and-testing-in-software-engineering	White Box testing - Testing Techniques - Software Testing and Quality Assurance	3	https://www.youtube.com/watch?v=xwr1h20gErc	2024-08-27 19:24:51.616689+07	2024-08-27 19:24:51.616689+07
1612	quality-assurance-and-testing-in-software-engineering	Cyclomatic complexity - Testing Techniques - Software Testing and Quality Assurance	3	https://www.youtube.com/watch?v=ZF32nUAoaek	2024-08-27 19:24:51.616689+07	2024-08-27 19:24:51.616689+07
1613	quality-assurance-and-testing-in-software-engineering	Acceptance testing - Testing Techniques - Software Testing and Quality Assurance	9	https://www.youtube.com/watch?v=yMvmlCF9flE	2024-08-27 19:24:51.616689+07	2024-08-27 19:24:51.616689+07
1614	quality-assurance-and-testing-in-software-engineering	Progressive testing vs Regression testing - Software Testing and Quality Assurance	4	https://www.youtube.com/watch?v=-3scluLFdYY	2024-08-27 19:24:51.616689+07	2024-08-27 19:24:51.616689+07
1615	quality-assurance-and-testing-in-software-engineering	Objectives of regression testing - Testing Techniques - Software Testing and Quality Assurance	5	https://www.youtube.com/watch?v=dT327CHIGrU	2024-08-27 19:24:51.616689+07	2024-08-27 19:24:51.616689+07
1616	quality-assurance-and-testing-in-software-engineering	Regression testing techniques - Testing Techniques - Software Testing and Quality Assurance	18	https://www.youtube.com/watch?v=o5nLHfnKxp0	2024-08-27 19:24:51.616689+07	2024-08-27 19:24:51.616689+07
1617	quality-assurance-and-testing-in-software-engineering	Test organization and structure - Testing Techniques - Software Testing and Quality Assurance	14	https://www.youtube.com/watch?v=UPH579k0IOI	2024-08-27 19:24:51.616689+07	2024-08-27 19:24:51.616689+07
1618	quality-assurance-and-testing-in-software-engineering	Test Case Specification - Testing Techniques - Software Testing and Quality Assurance	2	https://www.youtube.com/watch?v=Bu7HpcV4Iok	2024-08-27 19:24:51.616689+07	2024-08-27 19:24:51.616689+07
1619	quality-assurance-and-testing-in-software-engineering	Test Suite minimization - Testing Techniques - Software Testing and Quality Assurance	5	https://www.youtube.com/watch?v=xqgDfDA1ROo	2024-08-27 19:24:51.616689+07	2024-08-27 19:24:51.616689+07
1620	quality-assurance-and-testing-in-software-engineering	JIRA and Bugzilla - Test Automation - Software Testing and Quality Assurance	9	https://www.youtube.com/watch?v=uIGNRQ72tcI	2024-08-27 19:24:51.616689+07	2024-08-27 19:24:51.616689+07
1621	quality-assurance-and-testing-in-software-engineering	Test Director - Test Automation - Software Testing and Quality Assurance	4	https://www.youtube.com/watch?v=SRqXQxXmdV8	2024-08-27 19:24:51.616689+07	2024-08-27 19:24:51.616689+07
1622	quality-assurance-and-testing-in-software-engineering	Agile testing life cycle - Software Testing and Quality Assurance	15	https://www.youtube.com/watch?v=Nipv_oLQeLw	2024-08-27 19:24:51.616689+07	2024-08-27 19:24:51.616689+07
1623	quality-assurance-and-testing-in-software-engineering	Challenges in Agile testing - Software Testing and Quality Assurance	13	https://www.youtube.com/watch?v=krQopSCmPXM	2024-08-27 19:24:51.616689+07	2024-08-27 19:24:51.616689+07
1624	quality-assurance-and-testing-in-software-engineering	McCalls Quality Factors - Quality Management - Software Testing and Quality Assurance	8	https://www.youtube.com/watch?v=U14YGnqhxk0	2024-08-27 19:24:51.616689+07	2024-08-27 19:24:51.616689+07
1625	quality-assurance-and-testing-in-software-engineering	ISO 9000 2000 and SQM - Quality Management - Software Testing and Quality Assurance	11	https://www.youtube.com/watch?v=V_YPBMdmS4s	2024-08-27 19:24:51.616689+07	2024-08-27 19:24:51.616689+07
1626	devops-practices-and-continuous-integration	DevOps Real Time Projects Intro and Prerequisites By Visualpath	5	https://www.youtube.com/watch?v=ViZapPdTrsE	2024-08-27 19:24:51.616689+07	2024-08-27 19:24:51.616689+07
1627	devops-practices-and-continuous-integration	DevOps Real-Time Project 01 - Multi Tier Web Application Setup - Locally By Visualpath	8	https://www.youtube.com/watch?v=1nUnzc6yLvM	2024-08-27 19:24:51.616689+07	2024-08-27 19:24:51.616689+07
1628	devops-practices-and-continuous-integration	DevOps Project - 2 || Automated Setup of Multi Tier App, Locally  || By Visualpath	0	https://www.youtube.com/watch?v=gAReTzpxq3g	2024-08-27 19:24:51.616689+07	2024-08-27 19:24:51.616689+07
1629	devops-practices-and-continuous-integration	DevOps Project - 3 || Web App Setup on AWS Cloud [Lift & Shift] || By Visualpath	10	https://www.youtube.com/watch?v=7rLnFmh-yL0	2024-08-27 19:24:51.616689+07	2024-08-27 19:24:51.616689+07
1630	devops-practices-and-continuous-integration	DevOps Real-time Project - 4 || Re-Architecturing Web App on AWS Cloud -Introduction ||By Visualpath	12	https://www.youtube.com/watch?v=INq3_ovft90	2024-08-27 19:24:51.616689+07	2024-08-27 19:24:51.616689+07
1631	devops-practices-and-continuous-integration	DevOps Real-time Project -5 Continuous Integration Using Jenkins, Nexus, Sonarqube &Slack Visualpath	14	https://www.youtube.com/watch?v=gCMjIjmqKtQ	2024-08-27 19:24:51.616689+07	2024-08-27 19:24:51.616689+07
1632	devops-practices-and-continuous-integration	DevOps Real-time Project 6 - Continuous Integration on AWS Cloud - Introduction	12	https://www.youtube.com/watch?v=lifjIB_epXM	2024-08-27 19:24:51.616689+07	2024-08-27 19:24:51.616689+07
1633	devops-practices-and-continuous-integration	DevOps Real-time Project - 7 || Jenkins Pipeline As A Code Project || Visualpath	5	https://www.youtube.com/watch?v=_LlAqSaxDpE	2024-08-27 19:24:51.616689+07	2024-08-27 19:24:51.616689+07
1634	devops-practices-and-continuous-integration	DevOps Real-time Project 8 || Continuous Delivery of Java Web Application || Visualpath	14	https://www.youtube.com/watch?v=tIUF5SdT0yw	2024-08-27 19:24:51.616689+07	2024-08-27 19:24:51.616689+07
1635	devops-practices-and-continuous-integration	DevOps Real-time Project 9 - Continuous Delivery on AWS Cloud Java Application - Introduction	15	https://www.youtube.com/watch?v=FJnc-EEe2ak	2024-08-27 19:24:51.616689+07	2024-08-27 19:24:51.616689+07
1636	devops-practices-and-continuous-integration	DevOps Real-time Project 10 - Cloud Automation With Ansible - Introduction	11	https://www.youtube.com/watch?v=DkwwIidVgr8	2024-08-27 19:24:51.616689+07	2024-08-27 19:24:51.616689+07
1637	devops-practices-and-continuous-integration	DevOps Real-time Project 11 A - Ansible for Complete Stack Setup - Second Phase || Visualpath	12	https://www.youtube.com/watch?v=V89Bdre2Tqk	2024-08-27 19:24:51.616689+07	2024-08-27 19:24:51.616689+07
1638	devops-practices-and-continuous-integration	DevOps Real-time Project 11 B || Ansible for Complete Stack Setup Converted (Third Phase)	5	https://www.youtube.com/watch?v=FBZdqddwXf0	2024-08-27 19:24:51.616689+07	2024-08-27 19:24:51.616689+07
1639	devops-practices-and-continuous-integration	DevOps Real-time Project 12 - Continuous Delivery And Configuration Management [Jenkins + Ansible]	15	https://www.youtube.com/watch?v=wcD289lJSJQ	2024-08-27 19:24:51.616689+07	2024-08-27 19:24:51.616689+07
1640	devops-practices-and-continuous-integration	DevOps Real-time Project 13 || Hybrid Continuous Delivery [Cloud plus CI]	8	https://www.youtube.com/watch?v=ymLmnT6BkfY	2024-08-27 19:24:51.616689+07	2024-08-27 19:24:51.616689+07
1641	devops-practices-and-continuous-integration	DevOps Real-time Project 14 - Containerization of Java project - Introduction	9	https://www.youtube.com/watch?v=o30n6IJjy00	2024-08-27 19:24:51.616689+07	2024-08-27 19:24:51.616689+07
1642	devops-practices-and-continuous-integration	DevOps Real-time Project 15 - Kubernetes Setup for Productions - Introduction	2	https://www.youtube.com/watch?v=BkzSGYcRg7s	2024-08-27 19:24:51.616689+07	2024-08-27 19:24:51.616689+07
1643	devops-practices-and-continuous-integration	DevOps Real-time Project 16 || Java App Deployment on Kubernetes Cluster	5	https://www.youtube.com/watch?v=Y-iE9ciuMHI	2024-08-27 19:24:51.616689+07	2024-08-27 19:24:51.616689+07
1644	devops-practices-and-continuous-integration	DevOps Real-time Project 17 A || Terraform Tutorials Converted (Terraform IntroAndExercise1)	24	https://www.youtube.com/watch?v=QKVtK8EXhhk	2024-08-27 19:24:51.616689+07	2024-08-27 19:24:51.616689+07
1645	devops-practices-and-continuous-integration	DevOps Real-time Project 17 B || Terraform for Cloud State Management Converted	9	https://www.youtube.com/watch?v=wul53Krj2Ss	2024-08-27 19:24:51.616689+07	2024-08-27 19:24:51.616689+07
1646	devops-practices-and-continuous-integration	DevOps Real-time Project 18 A  || Cloud Formation || Visualpath	10	https://www.youtube.com/watch?v=x9-pe_wnQoA	2024-08-27 19:24:51.616689+07	2024-08-27 19:24:51.616689+07
1647	devops-practices-and-continuous-integration	DevOps Real-time Project 18 B - Introduction to CloudFormation for Cloud Stack Setup	8	https://www.youtube.com/watch?v=4iJv64VuA34	2024-08-27 19:24:51.616689+07	2024-08-27 19:24:51.616689+07
1648	devops-practices-and-continuous-integration	DevOps Real-time project 19 || CI/CD For Containers	9	https://www.youtube.com/watch?v=X4VQ5x6qZYY	2024-08-27 19:24:51.616689+07	2024-08-27 19:24:51.616689+07
1649	devops-practices-and-continuous-integration	DevOps Real-time Project 20 || AWS Securities || Visualpath	13	https://www.youtube.com/watch?v=u-4HNtQQcAM	2024-08-27 19:24:51.616689+07	2024-08-27 19:24:51.616689+07
1650	software-security-and-ethical-hacking	Ethical Hacking - Course Overview	3	https://www.youtube.com/watch?v=oKgnYe_6uh8	2024-08-27 19:24:51.616689+07	2024-08-27 19:24:51.616689+07
1651	software-security-and-ethical-hacking	Ethical Hacking - Overview	2	https://www.youtube.com/watch?v=_BSlzCjlSMA	2024-08-27 19:24:51.616689+07	2024-08-27 19:24:51.616689+07
1652	software-security-and-ethical-hacking	Ethical Hacking - Phases	3	https://www.youtube.com/watch?v=wliqkrYNIeU	2024-08-27 19:24:51.616689+07	2024-08-27 19:24:51.616689+07
1653	software-security-and-ethical-hacking	Ethical Hacking - Information Gathering	12	https://www.youtube.com/watch?v=Y4VlVIyvOjA	2024-08-27 19:24:51.616689+07	2024-08-27 19:24:51.616689+07
1654	software-security-and-ethical-hacking	Ethical Hacking - Email Header Analysis	3	https://www.youtube.com/watch?v=dlCe2Jlm0bQ	2024-08-27 19:24:51.616689+07	2024-08-27 19:24:51.616689+07
1655	software-security-and-ethical-hacking	Ethical Hacking - Virtualization	2	https://www.youtube.com/watch?v=vcw9SJx_wQ8	2024-08-27 19:24:51.616689+07	2024-08-27 19:24:51.616689+07
1656	software-security-and-ethical-hacking	Penetration Testing - Kali Linux Setup	11	https://www.youtube.com/watch?v=9ay_0dH5ZyA	2024-08-27 19:24:51.616689+07	2024-08-27 19:24:51.616689+07
1657	software-security-and-ethical-hacking	Penetration Testing - Metasploitable Linux	3	https://www.youtube.com/watch?v=i2c7keFdicw	2024-08-27 19:24:51.616689+07	2024-08-27 19:24:51.616689+07
1658	software-security-and-ethical-hacking	Penetration Testing - NMAP Overview	7	https://www.youtube.com/watch?v=EU-rRBQkGMQ	2024-08-27 19:24:51.616689+07	2024-08-27 19:24:51.616689+07
1659	software-security-and-ethical-hacking	Penetration Testing - NMAP Scripting Engine	7	https://www.youtube.com/watch?v=4as6IBafDGY	2024-08-27 19:24:51.616689+07	2024-08-27 19:24:51.616689+07
1660	software-security-and-ethical-hacking	Penetration Testing - Shodan.io Overview	6	https://www.youtube.com/watch?v=V5f4kqg2Tcs	2024-08-27 19:24:51.616689+07	2024-08-27 19:24:51.616689+07
1661	software-security-and-ethical-hacking	Penetration Testing - Metasploit Overview	11	https://www.youtube.com/watch?v=kuiBruZ8U1g	2024-08-27 19:24:51.616689+07	2024-08-27 19:24:51.616689+07
1662	software-security-and-ethical-hacking	Ethical Hacking - Cryptography	12	https://www.youtube.com/watch?v=_WbtAIEgURc	2024-08-27 19:24:51.616689+07	2024-08-27 19:24:51.616689+07
1663	software-security-and-ethical-hacking	Ethical Hacking - Encryption Algorithm	10	https://www.youtube.com/watch?v=YMPnWmYTrgM	2024-08-27 19:24:51.616689+07	2024-08-27 19:24:51.616689+07
1664	software-security-and-ethical-hacking	Ethical Hacking - Steganography	17	https://www.youtube.com/watch?v=xMJ1S1JmPSU	2024-08-27 19:24:51.616689+07	2024-08-27 19:24:51.616689+07
1665	software-security-and-ethical-hacking	Ethical Hacking - Batch Programming	23	https://www.youtube.com/watch?v=Pk3QyaAhMTI	2024-08-27 19:24:51.616689+07	2024-08-27 19:24:51.616689+07
1666	software-security-and-ethical-hacking	Ethical Hacking - Malicious Batch Programming	17	https://www.youtube.com/watch?v=GSFNes4jGK8	2024-08-27 19:24:51.616689+07	2024-08-27 19:24:51.616689+07
1667	software-security-and-ethical-hacking	Ethical Hacking - Extension and Icons of Batch Files	7	https://www.youtube.com/watch?v=INjo2ZaR754	2024-08-27 19:24:51.616689+07	2024-08-27 19:24:51.616689+07
1668	software-security-and-ethical-hacking	Ethical Hacking - Windows	10	https://www.youtube.com/watch?v=-o1AjOA5on0	2024-08-27 19:24:51.616689+07	2024-08-27 19:24:51.616689+07
1669	software-security-and-ethical-hacking	Ethical Hacking - Mimikatz	4	https://www.youtube.com/watch?v=EPtpOnkRZrI	2024-08-27 19:24:51.616689+07	2024-08-27 19:24:51.616689+07
1670	software-security-and-ethical-hacking	Ethical Hacking - Windows Security	18	https://www.youtube.com/watch?v=X_eCGjpzEtk	2024-08-27 19:24:51.616689+07	2024-08-27 19:24:51.616689+07
1671	software-security-and-ethical-hacking	Ethical Hacking - Drive Security	4	https://www.youtube.com/watch?v=mZN_RUbyRvo	2024-08-27 19:24:51.616689+07	2024-08-27 19:24:51.616689+07
1672	software-security-and-ethical-hacking	Ethical Hacking - Proxies	17	https://www.youtube.com/watch?v=Zc8cgw7vixw	2024-08-27 19:24:51.616689+07	2024-08-27 19:24:51.616689+07
1673	software-security-and-ethical-hacking	Ethical Hacking - VPN	5	https://www.youtube.com/watch?v=IxahtU0aEhc	2024-08-27 19:24:51.616689+07	2024-08-27 19:24:51.616689+07
1674	software-security-and-ethical-hacking	Ethical Hacking - IDS/IPS	11	https://www.youtube.com/watch?v=AwIoQNw0lXs	2024-08-27 19:24:51.616689+07	2024-08-27 19:24:51.616689+07
1675	software-security-and-ethical-hacking	Ethical Hacking - Keyloggers	6	https://www.youtube.com/watch?v=7y4W-qi3ckU	2024-08-27 19:24:51.616689+07	2024-08-27 19:24:51.616689+07
1676	software-security-and-ethical-hacking	Ethical Hacking - Google Dorking	8	https://www.youtube.com/watch?v=ELkuv1EzvVY	2024-08-27 19:24:51.616689+07	2024-08-27 19:24:51.616689+07
1677	software-security-and-ethical-hacking	Ethical Hacking - Wireless Lan Introduction IEEE 802.11	4	https://www.youtube.com/watch?v=S0Yk1QBf8Lc	2024-08-27 19:24:51.616689+07	2024-08-27 19:24:51.616689+07
1678	software-security-and-ethical-hacking	Penetration Testing - Wireshark Overview	4	https://www.youtube.com/watch?v=z8MnyxGGqNQ	2024-08-27 19:24:51.616689+07	2024-08-27 19:24:51.616689+07
1679	software-security-and-ethical-hacking	Ethical Hacking - Wireless Sniffing	8	https://www.youtube.com/watch?v=j6oR5Qoph68	2024-08-27 19:24:51.616689+07	2024-08-27 19:24:51.616689+07
1680	software-security-and-ethical-hacking	Ethical Hacking - WLAN Packet Types	8	https://www.youtube.com/watch?v=nEquic5w6cI	2024-08-27 19:24:51.616689+07	2024-08-27 19:24:51.616689+07
1681	software-security-and-ethical-hacking	WLAN Client AP Communication	6	https://www.youtube.com/watch?v=xGlJ_MHgJHE	2024-08-27 19:24:51.616689+07	2024-08-27 19:24:51.616689+07
1682	software-security-and-ethical-hacking	Ethical Hacking - WLAN Authentication	15	https://www.youtube.com/watch?v=a6ZdSq8_HSA	2024-08-27 19:24:51.616689+07	2024-08-27 19:24:51.616689+07
1683	software-security-and-ethical-hacking	Penetration Testing - Overview	3	https://www.youtube.com/watch?v=GDRUUOGo8Gg	2024-08-27 19:24:51.616689+07	2024-08-27 19:24:51.616689+07
1684	software-security-and-ethical-hacking	Ethical Hacking - Web Application Penetration Testing	1	https://www.youtube.com/watch?v=BEdaiUzUsgM	2024-08-27 19:24:51.616689+07	2024-08-27 19:24:51.616689+07
1685	software-security-and-ethical-hacking	Ethical Hacking - Malware, Viruses and Trojans	5	https://www.youtube.com/watch?v=SrqzaR8ZrII	2024-08-27 19:24:51.616689+07	2024-08-27 19:24:51.616689+07
1686	web-development-with-django	Django Web Development with Python Introduction	19	https://www.youtube.com/watch?v=yD0_1DPmfKM	2024-08-27 19:24:51.616689+07	2024-08-27 19:24:51.616689+07
1687	web-development-with-django	Models - Django Web Development with Python p.2	20	https://www.youtube.com/watch?v=aXxIjeGR6po	2024-08-27 19:24:51.616689+07	2024-08-27 19:24:51.616689+07
1688	web-development-with-django	Admin and Apps - Django Web Development with Python p.3	22	https://www.youtube.com/watch?v=BJfyATa9nX0	2024-08-27 19:24:51.616689+07	2024-08-27 19:24:51.616689+07
1689	web-development-with-django	Views and Templates - Django Web Development with Python p.4	19	https://www.youtube.com/watch?v=j9elKTmCEhY	2024-08-27 19:24:51.616689+07	2024-08-27 19:24:51.616689+07
1690	web-development-with-django	Styling w/ CSS - Django Web Development with Python p.5	28	https://www.youtube.com/watch?v=a3d_nyccpM8	2024-08-27 19:24:51.616689+07	2024-08-27 19:24:51.616689+07
1691	web-development-with-django	User Registration - Django Web Development with Python p.6	28	https://www.youtube.com/watch?v=riXD5lSInJ4	2024-08-27 19:24:51.616689+07	2024-08-27 19:24:51.616689+07
1692	web-development-with-django	Messages and Includes - Django Web Development with Python p.7	20	https://www.youtube.com/watch?v=0VGJPg0SQIY	2024-08-27 19:24:51.616689+07	2024-08-27 19:24:51.616689+07
1693	web-development-with-django	User Login and Logout - Django Web Development with Python p.8	28	https://www.youtube.com/watch?v=79A1YoQ5ZJc	2024-08-27 19:24:51.616689+07	2024-08-27 19:24:51.616689+07
1694	web-development-with-django	Linking models with Foreign Keys - Django Web Development with Python p.9	22	https://www.youtube.com/watch?v=Rju5qdU0e58	2024-08-27 19:24:51.616689+07	2024-08-27 19:24:51.616689+07
1695	web-development-with-django	Working with Foreign Keys - Django Web Development with Python p.10	27	https://www.youtube.com/watch?v=NqHX4eF2tw8	2024-08-27 19:24:51.616689+07	2024-08-27 19:24:51.616689+07
1696	web-development-with-django	Dynamic sidebar - Django Web Development with Python p.11	25	https://www.youtube.com/watch?v=ZSzGIXYuE1I	2024-08-27 19:24:51.616689+07	2024-08-27 19:24:51.616689+07
1697	web-development-with-django	Deploying Django to a server - Django Web Development with Python p.12	29	https://www.youtube.com/watch?v=4FLb1ulb64o	2024-08-27 19:24:51.616689+07	2024-08-27 19:24:51.616689+07
1698	intro-to-databases	Intro to Databases	5	https://www.youtube.com/watch?v=Zc14ZkWVhhs	2024-08-27 19:24:51.616689+07	2024-08-27 19:24:51.616689+07
1699	intro-to-databases	What Database Jobs are Available?	4	https://www.youtube.com/watch?v=8Bb7RnW2aPs	2024-08-27 19:24:51.616689+07	2024-08-27 19:24:51.616689+07
1700	intro-to-databases	Using Certifications to Start Your DBA Career	4	https://www.youtube.com/watch?v=-yykJhuhXYk	2024-08-27 19:24:51.616689+07	2024-08-27 19:24:51.616689+07
1701	intro-to-databases	What Technologies Are Used in Database Administration?	4	https://www.youtube.com/watch?v=oJNiQer8OK8	2024-08-27 19:24:51.616689+07	2024-08-27 19:24:51.616689+07
1702	intro-to-databases	Terms You Need to Know in Database Administration	8	https://www.youtube.com/watch?v=fXpjwSFgoV0	2024-08-27 19:24:51.616689+07	2024-08-27 19:24:51.616689+07
1703	intro-to-databases	What is the SQL Language?	5	https://www.youtube.com/watch?v=Bn-nTzkhEpQ	2024-08-27 19:24:51.616689+07	2024-08-27 19:24:51.616689+07
1704	intro-to-databases	How to Design Your First Database	6	https://www.youtube.com/watch?v=cepspxPAUTA	2024-08-27 19:24:51.616689+07	2024-08-27 19:24:51.616689+07
1705	intro-to-databases	How to Create Your First Database	8	https://www.youtube.com/watch?v=QY4bVNL_yrI	2024-08-27 19:24:51.616689+07	2024-08-27 19:24:51.616689+07
1706	intro-to-databases	What You will Do as a Database Pro	5	https://www.youtube.com/watch?v=pWovJ2EIoYc	2024-08-27 19:24:51.616689+07	2024-08-27 19:24:51.616689+07
1707	intro-to-databases	Databases in the Real World	3	https://www.youtube.com/watch?v=whmYCRfB4lQ	2024-08-27 19:24:51.616689+07	2024-08-27 19:24:51.616689+07
1708	intro-to-databases	How to Get into Database Administration	2	https://www.youtube.com/watch?v=-OpXfYO_2cQ	2024-08-27 19:24:51.616689+07	2024-08-27 19:24:51.616689+07
1709	learn-complete-sql	How to learn SQL for free | Roadmap to learning SQL	27	https://www.youtube.com/watch?v=a-hFbr-4VQQ	2024-08-27 19:24:51.616689+07	2024-08-27 19:24:51.616689+07
1710	learn-complete-sql	Learn What is Database | Types of Database | DBMS	12	https://www.youtube.com/watch?v=j09EQ-xlh88	2024-08-27 19:24:51.616689+07	2024-08-27 19:24:51.616689+07
1711	learn-complete-sql	How to install PostgreSQL on Mac OS | Install and Uninstall PostgreSQL Database	20	https://www.youtube.com/watch?v=1aybOgni7lI	2024-08-27 19:24:51.616689+07	2024-08-27 19:24:51.616689+07
1712	learn-complete-sql	SQL Basics Tutorial for Beginners (Practice SQL Queries)	70	https://www.youtube.com/watch?v=Hl4NZB1XR9c	2024-08-27 19:24:51.616689+07	2024-08-27 19:24:51.616689+07
1713	learn-complete-sql	SQL JOINS Tutorial for beginners | Practice SQL Queries using JOINS - Part 1	35	https://www.youtube.com/watch?v=0OQJDd3QqQM	2024-08-27 19:24:51.616689+07	2024-08-27 19:24:51.616689+07
1714	learn-complete-sql	SQL JOINS Tutorial for beginners | Practice SQL Queries using JOINS - Part 2	29	https://www.youtube.com/watch?v=RehbnzKHS28	2024-08-27 19:24:51.616689+07	2024-08-27 19:24:51.616689+07
1715	learn-complete-sql	Subquery in SQL | Correlated Subquery + Complete SQL Subqueries Tutorial	70	https://www.youtube.com/watch?v=nJIEIzF7tDw	2024-08-27 19:24:51.616689+07	2024-08-27 19:24:51.616689+07
1716	learn-complete-sql	SQL WITH Clause | How to write SQL Queries using WITH Clause | SQL CTE (Common Table Expression)	24	https://www.youtube.com/watch?v=QNfnuK-1YYY	2024-08-27 19:24:51.616689+07	2024-08-27 19:24:51.616689+07
1717	learn-complete-sql	SQL Window Function | How to write SQL Query using RANK, DENSE RANK, LEAD/LAG | SQL Queries Tutorial	24	https://www.youtube.com/watch?v=Ww71knvhQ-s	2024-08-27 19:24:51.616689+07	2024-08-27 19:24:51.616689+07
1718	learn-complete-sql	SQL Window Function | How to write SQL Query using Frame Clause, CUME_DIST | SQL Queries Tutorial	54	https://www.youtube.com/watch?v=zAmJPdZu8Rg	2024-08-27 19:24:51.616689+07	2024-08-27 19:24:51.616689+07
1719	learn-complete-sql	SQL Views Tutorial | VIEWS in SQL Complete Tutorial	43	https://www.youtube.com/watch?v=cLSxasHg9WY	2024-08-27 19:24:51.616689+07	2024-08-27 19:24:51.616689+07
1720	learn-complete-sql	Recursive SQL Queries Tutorial | Learn to write SQL Queries using Recursion	33	https://www.youtube.com/watch?v=7hZYh9qXxe4	2024-08-27 19:24:51.616689+07	2024-08-27 19:24:51.616689+07
1721	learn-complete-sql	Solving SQL Query | Rows to Column in SQL	73	https://www.youtube.com/watch?v=4p-G7fGhqRk	2024-08-27 19:24:51.616689+07	2024-08-27 19:24:51.616689+07
1722	learn-complete-sql	Procedure Tutorial in SQL | SQL Stored Procedure | Procedure in SQL	66	https://www.youtube.com/watch?v=yLR1w4tZ36I	2024-08-27 19:24:51.616689+07	2024-08-27 19:24:51.616689+07
1723	learn-complete-sql	Materialized View in SQL | Faster SQL Queries using Materialized Views	16	https://www.youtube.com/watch?v=WzkBZ0byoYE	2024-08-27 19:24:51.616689+07	2024-08-27 19:24:51.616689+07
1724	learn-complete-sql	SQL Live class on Lighthall | Learn SQL from Basic to Advance in SQL Bootcamp	6	https://www.youtube.com/watch?v=hvwltYazuQo	2024-08-27 19:24:51.616689+07	2024-08-27 19:24:51.616689+07
1725	learn-complete-sql	Avro Introduction	8	https://www.youtube.com/watch?v=SZX9DM_gyOE	2024-08-27 19:24:51.616689+07	2024-08-27 19:24:51.616689+07
1726	learn-complete-sql	Top 10 SQL Interview Queries | Popular SQL Queries for SQL Interview	36	https://www.youtube.com/watch?v=ZML_EJrBhnY	2024-08-27 19:24:51.616689+07	2024-08-27 19:24:51.616689+07
1727	database-normalization	Basic Concept of Database Normalization - Simple Explanation for Beginners	8	https://www.youtube.com/watch?v=xoTyrdT9SZI	2024-08-27 19:24:51.616689+07	2024-08-27 19:24:51.616689+07
1728	database-normalization	First Normal Form (1NF) | Database Normalization | DBMS	3	https://www.youtube.com/watch?v=mUtAPbb1ECM	2024-08-27 19:24:51.616689+07	2024-08-27 19:24:51.616689+07
1729	database-normalization	Second Normal Form (2NF) | Database Normalization | DBMS	7	https://www.youtube.com/watch?v=R7UblSu4744	2024-08-27 19:24:51.616689+07	2024-08-27 19:24:51.616689+07
1730	database-normalization	Third Normal Form (3NF) | Database Normalization | DBMS	4	https://www.youtube.com/watch?v=aAx_JoEDXQA	2024-08-27 19:24:51.616689+07	2024-08-27 19:24:51.616689+07
1731	database-normalization	Boyce-Codd Normal Form (BCNF) | Database Normalization | DBMS	4	https://www.youtube.com/watch?v=NNjUhvvwOrk	2024-08-27 19:24:51.616689+07	2024-08-27 19:24:51.616689+07
1732	database-normalization	4th Normal Form (4NF) | Multi-Valued Dependency | Database Normalization	4	https://www.youtube.com/watch?v=OTCuykFHBeA	2024-08-27 19:24:51.616689+07	2024-08-27 19:24:51.616689+07
1733	database-normalization	5th Normal Form (5NF) | Join Dependency | Database Normalization	8	https://www.youtube.com/watch?v=mbj3HSK28Kk	2024-08-27 19:24:51.616689+07	2024-08-27 19:24:51.616689+07
1734	database-normalization	Concept of Keys in DBMS - Super, Primary, Candidate, Foreign Key, etc	9	https://www.youtube.com/watch?v=p3yJZH8_bsc	2024-08-27 19:24:51.616689+07	2024-08-27 19:24:51.616689+07
1735	database-normalization	How to Design DB Tables for any Application? (The Basics)	9	https://www.youtube.com/watch?v=XUdNVaSikqY	2024-08-27 19:24:51.616689+07	2024-08-27 19:24:51.616689+07
1736	database-normalization	RDBMS vs  NoSQL Databases Explained!	13	https://www.youtube.com/watch?v=2tXooE4hrk0	2024-08-27 19:24:51.616689+07	2024-08-27 19:24:51.616689+07
1737	database-normalization	What is Database Transaction? | Transactions in Database | DB Transactions with Examples #dbms	8	https://www.youtube.com/watch?v=PflVscjNJ44	2024-08-27 19:24:51.616689+07	2024-08-27 19:24:51.616689+07
1738	database-normalization	When to use Database Transactions? #dbms #dbmstutorials	13	https://www.youtube.com/watch?v=Ik2GJnQDO-A	2024-08-27 19:24:51.616689+07	2024-08-27 19:24:51.616689+07
1739	nosql-databases	NoSQL Databases #1 (Data Models, CAP Theorem, BASE Property)	28	https://www.youtube.com/watch?v=ilI-inAjdf8	2024-08-27 19:24:51.616689+07	2024-08-27 19:24:51.616689+07
1740	nosql-databases	Neo4j - Introduction to Graph Databases - NoSQL Databases #2	14	https://www.youtube.com/watch?v=zNUzkvptw8E	2024-08-27 19:24:51.616689+07	2024-08-27 19:24:51.616689+07
1741	nosql-databases	Neo4j - Introduction to Neo4j and Cypher Query Language - NoSQL Databases #3	40	https://www.youtube.com/watch?v=xRTsbv42AVw	2024-08-27 19:24:51.616689+07	2024-08-27 19:24:51.616689+07
1742	nosql-databases	Neo4j - IN, AND, OR, Creating, Retrieving and Modifying Relationships - NoSQL Databases #4	24	https://www.youtube.com/watch?v=ai8lHlaYnaw	2024-08-27 19:24:51.616689+07	2024-08-27 19:24:51.616689+07
1743	nosql-databases	Neo4j - Creating Relationships, Matching Relationships, Order By - NoSQL Databases #5	27	https://www.youtube.com/watch?v=W85Wd1l_0P0	2024-08-27 19:24:51.616689+07	2024-08-27 19:24:51.616689+07
1744	nosql-databases	Neo4j - Skip, Limit, Merge Clause and Aggregate functions - NoSQL Databases #6	21	https://www.youtube.com/watch?v=OcVqvlVl3aw	2024-08-27 19:24:51.616689+07	2024-08-27 19:24:51.616689+07
1745	nosql-databases	Neo4j- Establishing Constraints in Neo4j Graph Database - NoSQL Databases #7	15	https://www.youtube.com/watch?v=6rBRIJNkNH8	2024-08-27 19:24:51.616689+07	2024-08-27 19:24:51.616689+07
1746	nosql-databases	Neo4j - String Matching Expression,CASE Expression and Foreach Clause - NoSQL Databases  #8	15	https://www.youtube.com/watch?v=HZHC1TerLYE	2024-08-27 19:24:51.616689+07	2024-08-27 19:24:51.616689+07
1747	nosql-databases	Neo4j - Causal Cluster Introduction and Demo - NoSQL Databases #9	34	https://www.youtube.com/watch?v=1YtvxGVXkeE	2024-08-27 19:24:51.616689+07	2024-08-27 19:24:51.616689+07
1748	nosql-databases	Neo4j - Variable length Relationships, Shortest Path, All Shortest Paths - NoSQL Databases #10	18	https://www.youtube.com/watch?v=6aE_JRGdxoY	2024-08-27 19:24:51.616689+07	2024-08-27 19:24:51.616689+07
1749	nosql-databases	Neo4j Indexes and String handling Functions - NoSQL Databases #11	11	https://www.youtube.com/watch?v=YjW6Pmm9c2Y	2024-08-27 19:24:51.616689+07	2024-08-27 19:24:51.616689+07
1750	nosql-databases	Neo4j - Finding Shortest Path,All Pair Shortest Paths, Minimum Spanning Tree NoSQL Databases #12	25	https://www.youtube.com/watch?v=DDNSKY26mmc	2024-08-27 19:24:51.616689+07	2024-08-27 19:24:51.616689+07
1751	nosql-databases	Neo4j- Importing a CSV file - NoSQL Databases #13	3	https://www.youtube.com/watch?v=ABrrGAoKuxA	2024-08-27 19:24:51.616689+07	2024-08-27 19:24:51.616689+07
1752	nosql-databases	PageRank Algorithm, Exercise and Demo using Neo4j NoSQL Databases #14	27	https://www.youtube.com/watch?v=sEoBQ4svc2Y	2024-08-27 19:24:51.616689+07	2024-08-27 19:24:51.616689+07
1753	nosql-databases	MongoDB Introduction and Installation - NoSQL Databases #15	11	https://www.youtube.com/watch?v=yThuxBB5uKs	2024-08-27 19:24:51.616689+07	2024-08-27 19:24:51.616689+07
1754	nosql-databases	MongoDB  Creating Databases, Collections and Documents , MongoDB Compass - NoSQL Databases #16	18	https://www.youtube.com/watch?v=EnQxC9JNTpM	2024-08-27 19:24:51.616689+07	2024-08-27 19:24:51.616689+07
1755	nosql-databases	MongoDB Query Operators (Comparison, Logical and Element) - NoSQL Databases #17	30	https://www.youtube.com/watch?v=at5Vjgg_BK8	2024-08-27 19:24:51.616689+07	2024-08-27 19:24:51.616689+07
1756	nosql-databases	MongoDB - Project results, updateOne, updateMany, replaceOne, upsert ,null items NoSQL Databases #18	16	https://www.youtube.com/watch?v=6QC5frc-hBE	2024-08-27 19:24:51.616689+07	2024-08-27 19:24:51.616689+07
1757	nosql-databases	MongoDB Querying Arrays ($all, $slice, $elemMatch, $size with Arrays) #19	11	https://www.youtube.com/watch?v=ZVTioOsy3XA	2024-08-27 19:24:51.616689+07	2024-08-27 19:24:51.616689+07
1758	nosql-databases	MongoDB Aggregation Pipeline NoSQL Databases #20	38	https://www.youtube.com/watch?v=LbSyIExw38s	2024-08-27 19:24:51.616689+07	2024-08-27 19:24:51.616689+07
1759	nosql-databases	MongoDB Aggregation Pipeline Continued ($sort, $limit, $skip, $count, $unwind)  NoSQL #21	26	https://www.youtube.com/watch?v=WZt-HX2VPJE	2024-08-27 19:24:51.616689+07	2024-08-27 19:24:51.616689+07
1760	nosql-databases	MongoDB - Querying Nested Documents and Array of Nested Documents  - Tutorial	35	https://www.youtube.com/watch?v=EkDrO5wF2Wc	2024-08-27 19:24:51.616689+07	2024-08-27 19:24:51.616689+07
1761	nosql-databases	MongoDB Indexing - Demonstration of Single Field Index , Compound Index, Multikey Index, Text Index	25	https://www.youtube.com/watch?v=qLeU9h2YnKg	2024-08-27 19:24:51.616689+07	2024-08-27 19:24:51.616689+07
1762	nosql-databases	MongoDB   Replication and Sharding - Replication Demo on a local machine NoSQL #22	33	https://www.youtube.com/watch?v=tW_MLMLM_cI	2024-08-27 19:24:51.616689+07	2024-08-27 19:24:51.616689+07
1763	nosql-databases	MongoDB  - What is Sharding? Sharding  a Collection - Demo NoSQL  Databases #23	33	https://www.youtube.com/watch?v=ekuQjQUnj20	2024-08-27 19:24:51.616689+07	2024-08-27 19:24:51.616689+07
1764	nosql-databases	REDIS -  What are Key Value Databases? REDIS Commands (Strings lists and keys) #24	49	https://www.youtube.com/watch?v=KPfyVu6Humg	2024-08-27 19:24:51.616689+07	2024-08-27 19:24:51.616689+07
1765	nosql-databases	REDIS - What  are Sets? SET commands in REDIS -  NoSQL  Databases #25	16	https://www.youtube.com/watch?v=AHn60EbsSYc	2024-08-27 19:24:51.616689+07	2024-08-27 19:24:51.616689+07
1766	nosql-databases	REDIS - SORTED SETS (Introduction and Commands) NoSQL #26	23	https://www.youtube.com/watch?v=8e-hFco3syI	2024-08-27 19:24:51.616689+07	2024-08-27 19:24:51.616689+07
1767	nosql-databases	REDIS -  Hashes - Introduction and Commands -    NOSQL #27	13	https://www.youtube.com/watch?v=J7AdshhjDNo	2024-08-27 19:24:51.616689+07	2024-08-27 19:24:51.616689+07
1768	nosql-databases	Java with Redis Database - Demo	13	https://www.youtube.com/watch?v=8oAJhMwl-kM	2024-08-27 19:24:51.616689+07	2024-08-27 19:24:51.616689+07
1769	nosql-databases	Column Store Databases - Introduction -  How are they different from Row Store Databases? NoSQL #28	8	https://www.youtube.com/watch?v=lb2ESE5tKA8	2024-08-27 19:24:51.616689+07	2024-08-27 19:24:51.616689+07
1770	nosql-databases	Data Compression Techniques - Run Length , Bitmap, Dictionary Encoding NoSQL #29	17	https://www.youtube.com/watch?v=7xHs_UgZpCg	2024-08-27 19:24:51.616689+07	2024-08-27 19:24:51.616689+07
1771	nosql-databases	Data Compression Techniques - Huffman Encoding - NoSQL #30	11	https://www.youtube.com/watch?v=n9EMkfgzXWk	2024-08-27 19:24:51.616689+07	2024-08-27 19:24:51.616689+07
1772	nosql-databases	Column Store Databases -  Early Vs Late Materialization and Jive Join - NoSQL #31	30	https://www.youtube.com/watch?v=IHEeGI9TCYM	2024-08-27 19:24:51.616689+07	2024-08-27 19:24:51.616689+07
1773	nosql-databases	Apache Cassandra - Tutorial - CQL - Keyspaces  - Tables - Index - Set - List - Map	33	https://www.youtube.com/watch?v=HiobDZa8Bs4	2024-08-27 19:24:51.616689+07	2024-08-27 19:24:51.616689+07
1774	fundamentals-of-database-administration	Backups 1: 3 Common Strategies	41	https://www.youtube.com/watch?v=NuwDF6kzONs	2024-08-27 19:24:51.616689+07	2024-08-27 19:24:51.616689+07
1775	fundamentals-of-database-administration	DBA Fundamentals: Backups 2: Restores	38	https://www.youtube.com/watch?v=c9tjmhNAaP8	2024-08-27 19:24:51.616689+07	2024-08-27 19:24:51.616689+07
1776	fundamentals-of-database-administration	DBA Fundamentals - Backups 3 - Setting Up Maintenance Plans	22	https://www.youtube.com/watch?v=7zlCBhvFkhM	2024-08-27 19:24:51.616689+07	2024-08-27 19:24:51.616689+07
1777	fundamentals-of-database-administration	DBA Fundamentals - Backups 4: Setting Up Ola Hallengrens Scripts for Backups	33	https://www.youtube.com/watch?v=9LnVJaDZ2-E	2024-08-27 19:24:51.616689+07	2024-08-27 19:24:51.616689+07
1778	fundamentals-of-database-administration	DBA Fundamentals - Backups 5 Restore With Standby	10	https://www.youtube.com/watch?v=LSDsrIPtI8c	2024-08-27 19:24:51.616689+07	2024-08-27 19:24:51.616689+07
1779	fundamentals-of-database-administration	DBA Fundamentals   Configuration   sp configure	9	https://www.youtube.com/watch?v=1HGojxXwnG4	2024-08-27 19:24:51.616689+07	2024-08-27 19:24:51.616689+07
1780	fundamentals-of-database-administration	DBA Fundamentals   Configuring TempDB	16	https://www.youtube.com/watch?v=YGMCUZ9oBV0	2024-08-27 19:24:51.616689+07	2024-08-27 19:24:51.616689+07
1781	fundamentals-of-database-administration	DBA Fundamentals: Configuration: Database Mail	16	https://www.youtube.com/watch?v=WjhJJxZeU9w	2024-08-27 19:24:51.616689+07	2024-08-27 19:24:51.616689+07
1782	fundamentals-of-database-administration	DBA Fundamentals: Configuration: Remote DAC	6	https://www.youtube.com/watch?v=QtQveD71YNI	2024-08-27 19:24:51.616689+07	2024-08-27 19:24:51.616689+07
1783	fundamentals-of-database-administration	DBA Fundamentals: Configuration: Lock Pages in Memory (LPIM)	5	https://www.youtube.com/watch?v=aKD7aIL0-H8	2024-08-27 19:24:51.616689+07	2024-08-27 19:24:51.616689+07
1784	fundamentals-of-database-administration	DBA Fundamentals: Configuration: Instant File Initialization (IFI)	6	https://www.youtube.com/watch?v=VEeBbAwXlOw	2024-08-27 19:24:51.616689+07	2024-08-27 19:24:51.616689+07
1785	fundamentals-of-database-administration	DBA Fundamentals: Configuration: Anti Virus	5	https://www.youtube.com/watch?v=q3BAzYYyhQk	2024-08-27 19:24:51.616689+07	2024-08-27 19:24:51.616689+07
1786	fundamentals-of-database-administration	DBA Fundamentals: Maintenance: Agent Jobs	12	https://www.youtube.com/watch?v=kLu7G5W7Yyw	2024-08-27 19:24:51.616689+07	2024-08-27 19:24:51.616689+07
1787	fundamentals-of-database-administration	DBA Fundamentals: Corruption: DBCC CHECKDB for VLDBs	30	https://www.youtube.com/watch?v=C_OByvpvznM	2024-08-27 19:24:51.616689+07	2024-08-27 19:24:51.616689+07
1788	fundamentals-of-database-administration	DBA Fundamentals: Maintenance: Shrinking Files	15	https://www.youtube.com/watch?v=PjrldGmUPLI	2024-08-27 19:24:51.616689+07	2024-08-27 19:24:51.616689+07
1789	fundamentals-of-database-administration	DBA Fundamentals: Patching SQL Server	23	https://www.youtube.com/watch?v=H8v6hvTEr1Q	2024-08-27 19:24:51.616689+07	2024-08-27 19:24:51.616689+07
1790	fundamentals-of-database-administration	DBA Fundamentals: Corruption: Checking for Corruption	40	https://www.youtube.com/watch?v=jFBACVtQWQw	2024-08-27 19:24:51.616689+07	2024-08-27 19:24:51.616689+07
1791	advanced-sql-concepts	Rank | Dense Rank | Row Number | SQL | Analytical Functions Advanced SQL | Ashutosh Kumar	15	https://www.youtube.com/watch?v=bi2qAVeSpBM	2024-08-27 19:24:51.616689+07	2024-08-27 19:24:51.616689+07
1792	advanced-sql-concepts	Rows Between in SQL | Analytical Functions Advanced SQL | Ashutosh Kumar	13	https://www.youtube.com/watch?v=xLAmRI_Iky8	2024-08-27 19:24:51.616689+07	2024-08-27 19:24:51.616689+07
1793	advanced-sql-concepts	Running Sum in SQL | Analytical Functions Advanced SQL | Ashutosh Kumar	18	https://www.youtube.com/watch?v=_vzLpWANcJg	2024-08-27 19:24:51.616689+07	2024-08-27 19:24:51.616689+07
1794	advanced-sql-concepts	First Value in SQL | Last Value SQL | Nth Value SQL | Functions Advanced SQL | Ashutosh Kumar	22	https://www.youtube.com/watch?v=F1MFBJH02Is	2024-08-27 19:24:51.616689+07	2024-08-27 19:24:51.616689+07
1795	advanced-sql-concepts	Partition By in SQL | Analytical Functions Advanced SQL | Ashutosh Kumar	25	https://www.youtube.com/watch?v=t93Zc3J3DB8	2024-08-27 19:24:51.616689+07	2024-08-27 19:24:51.616689+07
1796	advanced-sql-concepts	How to Calculate Moving Average in SQL | Advanced SQL Analytical Functions | Ashutosh Kumar	18	https://www.youtube.com/watch?v=bWHNL5cS2TQ	2024-08-27 19:24:51.616689+07	2024-08-27 19:24:51.616689+07
1797	advanced-sql-concepts	LEAD & LAG in SQL | Analytical Functions Advanced SQL | Ashutosh Kumar	40	https://www.youtube.com/watch?v=0B_6Q1E4H6Y	2024-08-27 19:24:51.616689+07	2024-08-27 19:24:51.616689+07
1798	advanced-sql-concepts	Nth Value & NTILE in Sql | Analytical Functions Advanced SQL | Ashutosh Kumar	16	https://www.youtube.com/watch?v=iY9nsvC8gg8	2024-08-27 19:24:51.616689+07	2024-08-27 19:24:51.616689+07
1799	advanced-sql-concepts	Order of execution of SQL query | SQL interview questions | Ashutosh Kumar	12	https://www.youtube.com/watch?v=YnrsOlO-6wY	2024-08-27 19:24:51.616689+07	2024-08-27 19:24:51.616689+07
1800	advanced-sql-concepts	Can we join tables even if they dont have common columns ? | Advanced Sql Concepts | Ashutosh Kumar	16	https://www.youtube.com/watch?v=w8N3exsuKFQ	2024-08-27 19:24:51.616689+07	2024-08-27 19:24:51.616689+07
1801	advanced-sql-concepts	NON EQUI JOINS IN SQL | Advanced SQL | Ashutosh Kumar	44	https://www.youtube.com/watch?v=k-WQmJWxzTY	2024-08-27 19:24:51.616689+07	2024-08-27 19:24:51.616689+07
1802	advanced-sql-concepts	Most Interesting Sql Problem | Analytics | Ashutosh Kumar	20	https://www.youtube.com/watch?v=-KxlrMF-kUM	2024-08-27 19:24:51.616689+07	2024-08-27 19:24:51.616689+07
1803	advanced-sql-concepts	ISNULL AND NULLIF IN SQL | Advanced SQL | Ashutosh Kumar	11	https://www.youtube.com/watch?v=0fn7JGCHUBc	2024-08-27 19:24:51.616689+07	2024-08-27 19:24:51.616689+07
1804	advanced-sql-concepts	100% you will be asked this question in interview ! | SQL Interview question	39	https://www.youtube.com/watch?v=Bmj5ej62XjM	2024-08-27 19:24:51.616689+07	2024-08-27 19:24:51.616689+07
1805	advanced-sql-concepts	How to calculate difference between two timestamps in SQL | Datediff in sql | Ashutosh Kumar	18	https://www.youtube.com/watch?v=rIPFBsZZ-MI	2024-08-27 19:24:51.616689+07	2024-08-27 19:24:51.616689+07
1806	advanced-sql-concepts	STRING AGG IN SQL | Advanced SQL | Ashutosh Kumar	29	https://www.youtube.com/watch?v=_Oo7EYgHiLA	2024-08-27 19:24:51.616689+07	2024-08-27 19:24:51.616689+07
1807	advanced-sql-concepts	Top Sql Interview Questions | SQL Advanced Questions | Ashutosh Kumar	30	https://www.youtube.com/watch?v=GSTzkyBvfbs	2024-08-27 19:24:51.616689+07	2024-08-27 19:24:51.616689+07
1808	advanced-sql-concepts	IPL Data Exploration SQL Portfolio Project - Part 1 | Analytics | Ashutosh Kumar	84	https://www.youtube.com/watch?v=r30CuXlPV28	2024-08-27 19:24:51.616689+07	2024-08-27 19:24:51.616689+07
1809	advanced-sql-concepts	CTE s IN SQL | Advanced SQL | Ashutosh Kumar	26	https://www.youtube.com/watch?v=gU8Lx58URL4	2024-08-27 19:24:51.616689+07	2024-08-27 19:24:51.616689+07
1810	advanced-sql-concepts	Top Sql Interview Questions | SQL Advanced Questions | Ashutosh Kumar	35	https://www.youtube.com/watch?v=FFxDUv3hxFg	2024-08-27 19:24:51.616689+07	2024-08-27 19:24:51.616689+07
1811	advanced-sql-concepts	PIVOT IN SQL | Advanced SQL | Ashutosh Kumar	18	https://www.youtube.com/watch?v=v8wHouMBKYo	2024-08-27 19:24:51.616689+07	2024-08-27 19:24:51.616689+07
1812	advanced-sql-concepts	Recursive CTE s IN SQL | Advanced SQL | Ashutosh Kumar	39	https://www.youtube.com/watch?v=2p7VNkv3rmo	2024-08-27 19:24:51.616689+07	2024-08-27 19:24:51.616689+07
1813	advanced-sql-concepts	SQL Portfolio Project - Part 1 - Zomato | Analytics | Ashutosh Kumar	29	https://www.youtube.com/watch?v=BlN4U7GF704	2024-08-27 19:24:51.616689+07	2024-08-27 19:24:51.616689+07
1814	advanced-sql-concepts	SQL Portfolio Project - Part 1 | Analytics | Ashutosh Kumar	54	https://www.youtube.com/watch?v=I3YvjFfn478	2024-08-27 19:24:51.616689+07	2024-08-27 19:24:51.616689+07
1815	advanced-sql-concepts	SQL Portfolio Project - Part 2 - Zomato | Analytics | Ashutosh Kumar	57	https://www.youtube.com/watch?v=fRBeYNJ3S8w	2024-08-27 19:24:51.616689+07	2024-08-27 19:24:51.616689+07
1816	advanced-sql-concepts	SQL Portfolio Project - Part 1 - Faasos | Analytics | Ashutosh Kumar	40	https://www.youtube.com/watch?v=X_pIuN4zVYc	2024-08-27 19:24:51.616689+07	2024-08-27 19:24:51.616689+07
1817	advanced-sql-concepts	SQL Portfolio Project - Part 2 - Faasos | Analytics | Ashutosh Kumar	50	https://www.youtube.com/watch?v=csnBA6pOEgo	2024-08-27 19:24:51.616689+07	2024-08-27 19:24:51.616689+07
1818	advanced-sql-concepts	SQL Portfolio Project - Part 3 - Faasos | Analytics | Ashutosh Kumar	52	https://www.youtube.com/watch?v=sCsXMDD0vls	2024-08-27 19:24:51.616689+07	2024-08-27 19:24:51.616689+07
1819	advanced-sql-concepts	Top Sql Interview Questions 1 | SQL Advanced Questions | Ashutosh Kumar	15	https://www.youtube.com/watch?v=J1U1lGbCxwA	2024-08-27 19:24:51.616689+07	2024-08-27 19:24:51.616689+07
1820	advanced-sql-concepts	The Ultimate SQL Course for Beginners to Advanced- 2023	338	https://www.youtube.com/watch?v=hWu07vu-CoI	2024-08-27 19:24:51.616689+07	2024-08-27 19:24:51.616689+07
1821	advanced-sql-concepts	Most Common Sql Interview Questions 1 | SQL Advanced Questions | Ashutosh Kumar	31	https://www.youtube.com/watch?v=0G7BvN8-fwc	2024-08-27 19:24:51.616689+07	2024-08-27 19:24:51.616689+07
1822	advanced-sql-concepts	Most Common Sql Interview Questions 2 | SQL Advanced Questions | Ashutosh Kumar	35	https://www.youtube.com/watch?v=RSmH-ZsLgfk	2024-08-27 19:24:51.616689+07	2024-08-27 19:24:51.616689+07
1823	advanced-sql-concepts	CASE WHEN END STATEMENTS IN SQL | Advanced SQL | Ashutosh Kumar	31	https://www.youtube.com/watch?v=D9kEMTSUfzs	2024-08-27 19:24:51.616689+07	2024-08-27 19:24:51.616689+07
1824	advanced-sql-concepts	Most Common Sql Interview Questions 3 | SQL Advanced Questions | Ashutosh Kumar	25	https://www.youtube.com/watch?v=DkRYPMN6ZZU	2024-08-27 19:24:51.616689+07	2024-08-27 19:24:51.616689+07
1825	advanced-sql-concepts	Most Common Sql Interview Questions 4 | SQL Advanced Questions | Ashutosh Kumar	21	https://www.youtube.com/watch?v=-V53pV7xmFE	2024-08-27 19:24:51.616689+07	2024-08-27 19:24:51.616689+07
1826	advanced-sql-concepts	Most Common Sql Interview Questions 5 | SQL Advanced Questions | Ashutosh Kumar	25	https://www.youtube.com/watch?v=GTmmQjqKm5w	2024-08-27 19:24:51.616689+07	2024-08-27 19:24:51.616689+07
1827	advanced-sql-concepts	CASE WHEN END STATEMENTS with  Aggregates Group by IN SQL | Advanced SQL | Ashutosh Kumar	18	https://www.youtube.com/watch?v=Sk6pbUiCwD8	2024-08-27 19:24:51.616689+07	2024-08-27 19:24:51.616689+07
1828	advanced-sql-concepts	CASE WHEN END STATEMENTS IN JOINS IN SQL | Advanced SQL | Ashutosh Kumar	22	https://www.youtube.com/watch?v=vq58JvNTIzY	2024-08-27 19:24:51.616689+07	2024-08-27 19:24:51.616689+07
1829	advanced-sql-concepts	Facebook Analytics interview question sql | Ashutosh Kumar	12	https://www.youtube.com/watch?v=VFNopHkhr5s	2024-08-27 19:24:51.616689+07	2024-08-27 19:24:51.616689+07
1830	database-management-systems	Introduction to Database Management Systems	11	https://www.youtube.com/watch?v=6Iu45VZGQDk	2024-08-27 19:24:51.616689+07	2024-08-27 19:24:51.616689+07
1831	database-management-systems	DBMS Characteristics	12	https://www.youtube.com/watch?v=wClEbCyWryI	2024-08-27 19:24:51.616689+07	2024-08-27 19:24:51.616689+07
1832	database-management-systems	Database Users	10	https://www.youtube.com/watch?v=qoAL4MA3P08	2024-08-27 19:24:51.616689+07	2024-08-27 19:24:51.616689+07
1833	database-management-systems	Advantages & Disadvantages of DBMS	15	https://www.youtube.com/watch?v=YcYF-kxE0Sw	2024-08-27 19:24:51.616689+07	2024-08-27 19:24:51.616689+07
1834	database-management-systems	History of Database Applications	8	https://www.youtube.com/watch?v=-bMiKvZRzwk	2024-08-27 19:24:51.616689+07	2024-08-27 19:24:51.616689+07
1835	database-management-systems	Fundamentals of Database Systems	6	https://www.youtube.com/watch?v=qMAxQh6Xilo	2024-08-27 19:24:51.616689+07	2024-08-27 19:24:51.616689+07
1836	database-management-systems	Three-Schema Architecture & Data Independence	6	https://www.youtube.com/watch?v=vuXnRRG-m5M	2024-08-27 19:24:51.616689+07	2024-08-27 19:24:51.616689+07
1837	database-management-systems	DBMS Languages, Interfaces & Classification	12	https://www.youtube.com/watch?v=DkEMtOFMNQE	2024-08-27 19:24:51.616689+07	2024-08-27 19:24:51.616689+07
1838	database-management-systems	Database System Environment	7	https://www.youtube.com/watch?v=rqcTHitakDM	2024-08-27 19:24:51.616689+07	2024-08-27 19:24:51.616689+07
1839	database-management-systems	DBMS Architecture	8	https://www.youtube.com/watch?v=dftMGbbULhE	2024-08-27 19:24:51.616689+07	2024-08-27 19:24:51.616689+07
1840	database-management-systems	Basic Concepts of Entity-Relationship Model	8	https://www.youtube.com/watch?v=wOD02sezmX8	2024-08-27 19:24:51.616689+07	2024-08-27 19:24:51.616689+07
1841	database-management-systems	Database Design Process	11	https://www.youtube.com/watch?v=7m6gXeMDaHc	2024-08-27 19:24:51.616689+07	2024-08-27 19:24:51.616689+07
1842	database-management-systems	Concept of Relationships in ER Diagram	15	https://www.youtube.com/watch?v=n3mHfQft5P8	2024-08-27 19:24:51.616689+07	2024-08-27 19:24:51.616689+07
1843	database-management-systems	Exercises based on ER Model Concepts (Part 1)	14	https://www.youtube.com/watch?v=l9BRmq7pgZ8	2024-08-27 19:24:51.616689+07	2024-08-27 19:24:51.616689+07
1844	database-management-systems	Exercises based on ER Model Concepts (Part 2)	11	https://www.youtube.com/watch?v=BexmtjyRp6I	2024-08-27 19:24:51.616689+07	2024-08-27 19:24:51.616689+07
1845	database-management-systems	Introduction to Relational Data Model	6	https://www.youtube.com/watch?v=Q45sr5p_NmQ	2024-08-27 19:24:51.616689+07	2024-08-27 19:24:51.616689+07
1846	database-management-systems	Characteristics of Relations	7	https://www.youtube.com/watch?v=J4hZbuTLyhI	2024-08-27 19:24:51.616689+07	2024-08-27 19:24:51.616689+07
1847	database-management-systems	Relational Model Constraints	12	https://www.youtube.com/watch?v=uPOGPL2C0_8	2024-08-27 19:24:51.616689+07	2024-08-27 19:24:51.616689+07
1848	database-management-systems	Update Operations/Dealing with Constraint Violations	9	https://www.youtube.com/watch?v=lMthy1iwR3s	2024-08-27 19:24:51.616689+07	2024-08-27 19:24:51.616689+07
1849	database-management-systems	Exercises based on Relational Model  Part 1	12	https://www.youtube.com/watch?v=BZVWPsa08Jw	2024-08-27 19:24:51.616689+07	2024-08-27 19:24:51.616689+07
1850	database-management-systems	Exercises based on Relational Model  Part 2	8	https://www.youtube.com/watch?v=xhohP0rZcB0	2024-08-27 19:24:51.616689+07	2024-08-27 19:24:51.616689+07
1851	database-management-systems	Relational Algebra Operations - Unary	15	https://www.youtube.com/watch?v=8PJGw123zeE	2024-08-27 19:24:51.616689+07	2024-08-27 19:24:51.616689+07
1852	database-management-systems	Relational Algebra Operations - Set Theory	11	https://www.youtube.com/watch?v=r6OsT9Zi4Cg	2024-08-27 19:24:51.616689+07	2024-08-27 19:24:51.616689+07
1853	database-management-systems	Relational Algebra Operations - Binary	19	https://www.youtube.com/watch?v=sJtuZq-LEQM	2024-08-27 19:24:51.616689+07	2024-08-27 19:24:51.616689+07
1854	database-management-systems	Additional Relational Algebra Operations	21	https://www.youtube.com/watch?v=4kqoN9-rqiQ	2024-08-27 19:24:51.616689+07	2024-08-27 19:24:51.616689+07
1855	database-management-systems	Relational Algebra Queries (Part 1)	21	https://www.youtube.com/watch?v=Dgq01JAWw4Y	2024-08-27 19:24:51.616689+07	2024-08-27 19:24:51.616689+07
1856	database-management-systems	Relational Algebra Queries (Part 2)	11	https://www.youtube.com/watch?v=4y4tBfnPlS8	2024-08-27 19:24:51.616689+07	2024-08-27 19:24:51.616689+07
1857	complete-2023-web-development-bootcamp	What You will Get in This Course | Full Stack WebDevelopment |Premium course Free now | (Dont Miss)	3	https://www.youtube.com/watch?v=bhvFPssXGdQ	2024-08-27 19:24:51.616689+07	2024-08-27 19:24:51.616689+07
1858	complete-2023-web-development-bootcamp	How Does the Internet Actually Work	5	https://www.youtube.com/watch?v=PZ9hDWBKmoo	2024-08-27 19:24:51.616689+07	2024-08-27 19:24:51.616689+07
1859	complete-2023-web-development-bootcamp	How Do Websites Actually Work	8	https://www.youtube.com/watch?v=Der8R3glvGc	2024-08-27 19:24:51.616689+07	2024-08-27 19:24:51.616689+07
1860	complete-2023-web-development-bootcamp	How to Get the Most Out of the Course	9	https://www.youtube.com/watch?v=CHEc1JOq-DY	2024-08-27 19:24:51.616689+07	2024-08-27 19:24:51.616689+07
1861	complete-2023-web-development-bootcamp	What is HTML | First Step of Webdevelopment	4	https://www.youtube.com/watch?v=yS6dMTV43Hg	2024-08-27 19:24:51.616689+07	2024-08-27 19:24:51.616689+07
1862	complete-2023-web-development-bootcamp	HTML Heading Elements | Webdevelopment By Dr angela Yu	14	https://www.youtube.com/watch?v=2mt-16f6tTk	2024-08-27 19:24:51.616689+07	2024-08-27 19:24:51.616689+07
1863	complete-2023-web-development-bootcamp	HTML Paragraph Elements  | Dr. Angela Yu | The Complete 2023 Web Development Bootcamp	8	https://www.youtube.com/watch?v=mKirL4CeJqQ	2024-08-27 19:24:51.616689+07	2024-08-27 19:24:51.616689+07
1864	complete-2023-web-development-bootcamp	Self Closing Tags | Important tags in html| Full stack Web development with Dr. Angela Yu	11	https://www.youtube.com/watch?v=kIPbeqVvpGI	2024-08-27 19:24:51.616689+07	2024-08-27 19:24:51.616689+07
1865	complete-2023-web-development-bootcamp	Project Movie Ranking | First project | Html Project | Webdevelopment by Dr. Anglea yu	5	https://www.youtube.com/watch?v=cylMtNU97Ys	2024-08-27 19:24:51.616689+07	2024-08-27 19:24:51.616689+07
1866	complete-2023-web-development-bootcamp	The List Element | Intermidate Html |Webdevelopment by Dr.Angela Yu |	10	https://www.youtube.com/watch?v=1C6dRCgcpkM	2024-08-27 19:24:51.616689+07	2024-08-27 19:24:51.616689+07
1867	complete-2023-web-development-bootcamp	Nesting and Indentation  | Dr. Angela Yu | The Complete 2023 Web Development Bootcamp	14	https://www.youtube.com/watch?v=GFCpFVfPgPg	2024-08-27 19:24:51.616689+07	2024-08-27 19:24:51.616689+07
1868	complete-2023-web-development-bootcamp	Anchor Elements | WebDevelopment  Dr. Angela Yu | The Complete 2023 Web Development Bootcamp	10	https://www.youtube.com/watch?v=UY8qllwqbFA	2024-08-27 19:24:51.616689+07	2024-08-27 19:24:51.616689+07
1869	complete-2023-web-development-bootcamp	Image Elements  | WebDevelopment  Dr. Angela Yu | The Complete 2023 Web Development Bootcamp	8	https://www.youtube.com/watch?v=HSVhtb-_nEA	2024-08-27 19:24:51.616689+07	2024-08-27 19:24:51.616689+07
1870	complete-2023-web-development-bootcamp	Project Birthday Invite | WebDevelopment  Dr. Angela Yu | The Complete 2023 Web Development Bootcamp	4	https://www.youtube.com/watch?v=P3sx19vQ2ZE	2024-08-27 19:24:51.616689+07	2024-08-27 19:24:51.616689+07
1871	complete-2023-web-development-bootcamp	Computer File Paths | URL Links| Dr. Angela Yu | The Complete 2023 Web Development Bootcamp	19	https://www.youtube.com/watch?v=O2zaRfpKuuQ	2024-08-27 19:24:51.616689+07	2024-08-27 19:24:51.616689+07
1872	complete-2023-web-development-bootcamp	What are Webpages | Website Pages | Dr. Angela Yu |The Complete 2023 Web Development Bootcamp	12	https://www.youtube.com/watch?v=frg9cxlMCGY	2024-08-27 19:24:51.616689+07	2024-08-27 19:24:51.616689+07
1873	complete-2023-web-development-bootcamp	The HTML Boilerplate | Dr. Angela Yu | The Complete 2023 Web Development Bootcamp	12	https://www.youtube.com/watch?v=mvkhqSQvVSE	2024-08-27 19:24:51.616689+07	2024-08-27 19:24:51.616689+07
1874	complete-2023-web-development-bootcamp	Project Portfolio Website | Dr. Angela Yu | The Complete 2023 Web Development Bootcamp	8	https://www.youtube.com/watch?v=nc_ww31DUiE	2024-08-27 19:24:51.616689+07	2024-08-27 19:24:51.616689+07
1875	complete-2023-web-development-bootcamp	How to Host Your Website for Free with GitHub | The Complete 2023 Web Development Bootcamp	8	https://www.youtube.com/watch?v=quA4_UIuwU0	2024-08-27 19:24:51.616689+07	2024-08-27 19:24:51.616689+07
1876	complete-2023-web-development-bootcamp	Introduction to Capstone Projects | Dr. Angela Yu | The Complete 2023 Web Development Bootcamp	5	https://www.youtube.com/watch?v=A45gyKV26vQ	2024-08-27 19:24:51.616689+07	2024-08-27 19:24:51.616689+07
1877	complete-2023-web-development-bootcamp	Why do we need CSS | Dr. Angela Yu | The Complete 2023 Web Development Bootcamp	8	https://www.youtube.com/watch?v=9QYZb8I4xKo	2024-08-27 19:24:51.616689+07	2024-08-27 19:24:51.616689+07
1878	complete-2023-web-development-bootcamp	How to add CSS | Dr. Angela Yu | The Complete 2023 Web Development Bootcamp	15	https://www.youtube.com/watch?v=8Dx7QHl0qYQ	2024-08-27 19:24:51.616689+07	2024-08-27 19:24:51.616689+07
1879	complete-2023-web-development-bootcamp	CSS Selectors | Dr. Angela Yu | The Complete 2023 Web Development Bootcamp	22	https://www.youtube.com/watch?v=fVgMUlgLNmQ	2024-08-27 19:24:51.616689+07	2024-08-27 19:24:51.616689+07
1880	complete-2023-web-development-bootcamp	Project Color Vocab Website | Dr. Angela Yu | The Complete 2023 Web Development Bootcamp	9	https://www.youtube.com/watch?v=NEQ603jOzFA	2024-08-27 19:24:51.616689+07	2024-08-27 19:24:51.616689+07
1881	complete-2023-web-development-bootcamp	CSS Colors | Dr. Angela Yu | The Complete 2023 Web Development Bootcamp	7	https://www.youtube.com/watch?v=3Trm7By5q6Y	2024-08-27 19:24:51.616689+07	2024-08-27 19:24:51.616689+07
1882	complete-2023-web-development-bootcamp	Font Properties | Dr. Angela Yu | The Complete 2023 Web Development Bootcamp	21	https://www.youtube.com/watch?v=2NmBws_DmY8	2024-08-27 19:24:51.616689+07	2024-08-27 19:24:51.616689+07
1883	complete-2023-web-development-bootcamp	Inspecting CSS | Dr. Angela Yu | The Complete 2023 Web Development Bootcamp	11	https://www.youtube.com/watch?v=IG6ChPoWajM	2024-08-27 19:24:51.616689+07	2024-08-27 19:24:51.616689+07
1884	complete-2023-web-development-bootcamp	The CSS Box Model   Margin, Padding and Border  | The Complete 2023 Web Development Bootcamp	20	https://www.youtube.com/watch?v=93IH749ATnI	2024-08-27 19:24:51.616689+07	2024-08-27 19:24:51.616689+07
1885	complete-2023-web-development-bootcamp	Project Motivational Poster Website | Dr. Angela Yu | The Complete 2023 Web Development Bootcamp	7	https://www.youtube.com/watch?v=t3NIixQJLqE	2024-08-27 19:24:51.616689+07	2024-08-27 19:24:51.616689+07
1886	complete-2023-web-development-bootcamp	The Cascade Specificity and Inheritance | Dr. Angela Yu | The Complete 2023 Web Development Bootcamp	25	https://www.youtube.com/watch?v=Qo9AVPXRDQo	2024-08-27 19:24:51.616689+07	2024-08-27 19:24:51.616689+07
1887	complete-2023-web-development-bootcamp	Combining CSS Selectors  | Dr. Angela Yu | The Complete 2023 Web Development Bootcamp	23	https://www.youtube.com/watch?v=jh1MbDKNQW8	2024-08-27 19:24:51.616689+07	2024-08-27 19:24:51.616689+07
1888	complete-2023-web-development-bootcamp	CSS Positioning  | Dr. Angela Yu | The Complete 2023 Web Development Bootcamp	22	https://www.youtube.com/watch?v=IlHVZ8A3gzg	2024-08-27 19:24:51.616689+07	2024-08-27 19:24:51.616689+07
1889	complete-2023-web-development-bootcamp	Project CSS Flag  | Dr. Angela Yu | The Complete 2023 Web Development Bootcamp	17	https://www.youtube.com/watch?v=Wkd5QES3V9E	2024-08-27 19:24:51.616689+07	2024-08-27 19:24:51.616689+07
1890	complete-2023-web-development-bootcamp	CSS Display  | Dr. Angela Yu | The Complete 2023 Web Development Bootcamp	11	https://www.youtube.com/watch?v=vq6sHzSqoqk	2024-08-27 19:24:51.616689+07	2024-08-27 19:24:51.616689+07
1891	complete-2023-web-development-bootcamp	CSS Float | Dr. Angela Yu | The Complete 2023 Web Development Bootcamp	11	https://www.youtube.com/watch?v=Jg-_x4FHs0w	2024-08-27 19:24:51.616689+07	2024-08-27 19:24:51.616689+07
1892	complete-2023-web-development-bootcamp	How to Create Responsive Websites | Dr. Angela Yu | The Complete 2023 Web Development Bootcamp	18	https://www.youtube.com/watch?v=ZQ94f4QviHo	2024-08-27 19:24:51.616689+07	2024-08-27 19:24:51.616689+07
1893	complete-2023-web-development-bootcamp	Media Queries  | Dr. Angela Yu | The Complete 2023 Web Development Bootcamp	10	https://www.youtube.com/watch?v=UWUHpk7hz0Q	2024-08-27 19:24:51.616689+07	2024-08-27 19:24:51.616689+07
1894	javascript-tutorials	What is JavaScript?	5	https://www.youtube.com/watch?v=upDLs1sn7g4	2024-08-27 19:24:51.616689+07	2024-08-27 19:24:51.616689+07
1895	javascript-tutorials	JavaScript Tutorial for Beginners: Learn JavaScript in 1 Hour	48	https://www.youtube.com/watch?v=W6NZfCO5SIk	2024-08-27 19:24:51.616689+07	2024-08-27 19:24:51.616689+07
1896	javascript-tutorials	Object-oriented Programming in JavaScript: Made Super Simple | Mosh	62	https://www.youtube.com/watch?v=PFmuCDHHpwk	2024-08-27 19:24:51.616689+07	2024-08-27 19:24:51.616689+07
1897	javascript-tutorials	JavaScript Arrays	5	https://www.youtube.com/watch?v=oigfaZ5ApsM	2024-08-27 19:24:51.616689+07	2024-08-27 19:24:51.616689+07
1898	javascript-tutorials	JavaScript Functions	5	https://www.youtube.com/watch?v=N8ap4k_1QEQ	2024-08-27 19:24:51.616689+07	2024-08-27 19:24:51.616689+07
1899	javascript-tutorials	JavaScript Strings	7	https://www.youtube.com/watch?v=09BwruU4kiY	2024-08-27 19:24:51.616689+07	2024-08-27 19:24:51.616689+07
1900	javascript-tutorials	JavaScript if else (tutorial)	6	https://www.youtube.com/watch?v=IsG4Xd6LlsM	2024-08-27 19:24:51.616689+07	2024-08-27 19:24:51.616689+07
1901	javascript-tutorials	JavaScript Loops	6	https://www.youtube.com/watch?v=s9wW2PpJsmQ	2024-08-27 19:24:51.616689+07	2024-08-27 19:24:51.616689+07
1902	javascript-tutorials	JavaScript Factory Functions	6	https://www.youtube.com/watch?v=jpegXpQpb3o	2024-08-27 19:24:51.616689+07	2024-08-27 19:24:51.616689+07
1903	javascript-tutorials	JavaScript Constructor Functions	6	https://www.youtube.com/watch?v=23AOrSN-wmI	2024-08-27 19:24:51.616689+07	2024-08-27 19:24:51.616689+07
1904	javascript-tutorials	JavaScript Getters and Setters | Mosh	6	https://www.youtube.com/watch?v=bl98dm7vJt0	2024-08-27 19:24:51.616689+07	2024-08-27 19:24:51.616689+07
1905	javascript-tutorials	JavaScript Value vs Reference Types	6	https://www.youtube.com/watch?v=fD0t_DKREbE	2024-08-27 19:24:51.616689+07	2024-08-27 19:24:51.616689+07
1906	javascript-tutorials	JavaScript Scope (Local vs Global)	5	https://www.youtube.com/watch?v=iJKkZA215tQ	2024-08-27 19:24:51.616689+07	2024-08-27 19:24:51.616689+07
1907	javascript-tutorials	JavaScript Let vs Var vs Constant | Mosh	6	https://www.youtube.com/watch?v=XgSjoHgy3Rk	2024-08-27 19:24:51.616689+07	2024-08-27 19:24:51.616689+07
1908	javascript-tutorials	JavaScript Cloning an Object	5	https://www.youtube.com/watch?v=H1NmJIv1A2Y	2024-08-27 19:24:51.616689+07	2024-08-27 19:24:51.616689+07
1909	javascript-tutorials	JavaScript this Keyword	8	https://www.youtube.com/watch?v=gvicrj31JOM	2024-08-27 19:24:51.616689+07	2024-08-27 19:24:51.616689+07
1910	javascript-tutorials	JavaScript Template Literals	5	https://www.youtube.com/watch?v=NgF9-pdTDGs	2024-08-27 19:24:51.616689+07	2024-08-27 19:24:51.616689+07
1911	javascript-tutorials	JavaScript Array Filter	3	https://www.youtube.com/watch?v=4_iT6EGkQfk	2024-08-27 19:24:51.616689+07	2024-08-27 19:24:51.616689+07
1912	javascript-tutorials	JavaScript Array Map	8	https://www.youtube.com/watch?v=G3BS3sh3D8Q	2024-08-27 19:24:51.616689+07	2024-08-27 19:24:51.616689+07
1913	javascript-tutorials	JavaScript Array Reduce	7	https://www.youtube.com/watch?v=g1C40tDP0Bk	2024-08-27 19:24:51.616689+07	2024-08-27 19:24:51.616689+07
1914	javascript-tutorials	ES6 Tutorial: Learn Modern JavaScript in 1 Hour	50	https://www.youtube.com/watch?v=NCwa_xi0Uuc	2024-08-27 19:24:51.616689+07	2024-08-27 19:24:51.616689+07
1915	full-stack-open-2022	Redux Tutorial (with Redux Toolkit)	19	https://www.youtube.com/watch?v=iBUJVy8phqw	2024-08-27 19:24:51.616689+07	2024-08-27 19:24:51.616689+07
1916	full-stack-open-2022	MongoDB Tutorial For Beginners | Full Course	68	https://www.youtube.com/watch?v=Www6cTUymCY	2024-08-27 19:24:51.616689+07	2024-08-27 19:24:51.616689+07
1917	full-stack-open-2022	All The JavaScript You Need To Know For React	27	https://www.youtube.com/watch?v=m55PTVUrlnA	2024-08-27 19:24:51.616689+07	2024-08-27 19:24:51.616689+07
1918	full-stack-open-2022	HTTP Crash Course & Exploration	38	https://www.youtube.com/watch?v=iYM2zFP3Zn0	2024-08-27 19:24:51.616689+07	2024-08-27 19:24:51.616689+07
1919	full-stack-open-2022	Git and GitHub for Beginners - Crash Course	68	https://www.youtube.com/watch?v=RGOj5yH7evk	2024-08-27 19:24:51.616689+07	2024-08-27 19:24:51.616689+07
1920	full-stack-open-2022	MongoDB In 30 Minutes	32	https://www.youtube.com/watch?v=pWbMrx5rVBE	2024-08-27 19:24:51.616689+07	2024-08-27 19:24:51.616689+07
1921	full-stack-open-2022	JSON and AJAX Tutorial: With Real Examples	40	https://www.youtube.com/watch?v=rJesac0_Ftw	2024-08-27 19:24:51.616689+07	2024-08-27 19:24:51.616689+07
1922	full-stack-open-2022	Fetching Data from an API with React Hooks useEffect	7	https://www.youtube.com/watch?v=k0WnY0Hqe5c	2024-08-27 19:24:51.616689+07	2024-08-27 19:24:51.616689+07
1923	full-stack-open-2022	React Hooks Course - All React Hooks Explained	86	https://www.youtube.com/watch?v=LlvBzyy-558	2024-08-27 19:24:51.616689+07	2024-08-27 19:24:51.616689+07
1924	full-stack-open-2022	Login System using Redux - Redux tutorial for Beginners	33	https://www.youtube.com/watch?v=mMzhWXr9ass	2024-08-27 19:24:51.616689+07	2024-08-27 19:24:51.616689+07
1925	full-stack-open-2022	TypeScript Crash Course	52	https://www.youtube.com/watch?v=BCg4U1FzODs	2024-08-27 19:24:51.616689+07	2024-08-27 19:24:51.616689+07
1926	full-stack-open-2022	GraphQL Full Course - Novice to Expert	245	https://www.youtube.com/watch?v=ed8SzALpx1Q	2024-08-27 19:24:51.616689+07	2024-08-27 19:24:51.616689+07
1927	full-stack-open-2022	Why algorithms are called algorithms | BBC Ideas	3	https://www.youtube.com/watch?v=oRkNaF0QvnI	2024-08-27 19:24:51.616689+07	2024-08-27 19:24:51.616689+07
1928	full-stack-open-2022	Beginner Data Structures Explained Like You Are 5	10	https://www.youtube.com/watch?v=o6VuST08S60	2024-08-27 19:24:51.616689+07	2024-08-27 19:24:51.616689+07
1929	full-stack-open-2022	How To Master Data Structures & Algorithms (Study Strategies)	8	https://www.youtube.com/watch?v=P8Znk6Cu1Ww	2024-08-27 19:24:51.616689+07	2024-08-27 19:24:51.616689+07
1930	full-stack-open-2022	Data Structures and Algorithms in JavaScript - Full Course for Beginners	112	https://www.youtube.com/watch?v=t2CEgPsws3U	2024-08-27 19:24:51.616689+07	2024-08-27 19:24:51.616689+07
1931	full-stack-open-2022	How to Solve JavaScript Algorithms as a Beginner	21	https://www.youtube.com/watch?v=AoE4Yf4U9Dc	2024-08-27 19:24:51.616689+07	2024-08-27 19:24:51.616689+07
1932	full-stack-open-2022	Map, Filter, Reduce - JavaScript Tutorial for Beginners	23	https://www.youtube.com/watch?v=PSCZP-pxqTw	2024-08-27 19:24:51.616689+07	2024-08-27 19:24:51.616689+07
1933	full-stack-open-2022	ExpressJS Routes Tutorial - Separating Routes into Different Files	12	https://www.youtube.com/watch?v=0Hu27PoloYw	2024-08-27 19:24:51.616689+07	2024-08-27 19:24:51.616689+07
1934	full-stack-open-2022	React JS for beginners: Tutorial 9 - Fetching data from an API (part 1)	13	https://www.youtube.com/watch?v=o7c_RRUTQHo	2024-08-27 19:24:51.616689+07	2024-08-27 19:24:51.616689+07
1935	full-stack-open-2022	ReactJS / Redux Tutorial - #2 What is Redux? Why use it?	3	https://www.youtube.com/watch?v=D2MqT4OEgoE	2024-08-27 19:24:51.616689+07	2024-08-27 19:24:51.616689+07
1936	full-stack-open-2022	What is a REST API?	9	https://www.youtube.com/watch?v=lsMQRaeKNDk	2024-08-27 19:24:51.616689+07	2024-08-27 19:24:51.616689+07
1937	full-stack-open-2022	How to Make REST API Calls in React - GET, POST, PUT, DELETE - Step by Step	23	https://www.youtube.com/watch?v=qXvFaEkkZH8	2024-08-27 19:24:51.616689+07	2024-08-27 19:24:51.616689+07
1938	full-stack-open-2022	1: How to Get Started With AJAX | AJAX Tutorial For Beginners | Learn AJAX | PHP | JavaScript	3	https://www.youtube.com/watch?v=tNKD0kfel6o	2024-08-27 19:24:51.616689+07	2024-08-27 19:24:51.616689+07
1939	full-stack-open-2022	3: Get data from a database without refreshing the browser using AJAX - Learn AJAX programming	18	https://www.youtube.com/watch?v=ejN-oAw9vC0	2024-08-27 19:24:51.616689+07	2024-08-27 19:24:51.616689+07
1940	full-stack-open-2022	Handling Multiple Async Fetch Calls using Promise.all & Promise.allSettled - #51	10	https://www.youtube.com/watch?v=-J_O4D0-syw	2024-08-27 19:24:51.616689+07	2024-08-27 19:24:51.616689+07
1941	full-stack-open-2022	8.2: HTTP Server with Express - Programming with Text	12	https://www.youtube.com/watch?v=6oiabY1xpBo	2024-08-27 19:24:51.616689+07	2024-08-27 19:24:51.616689+07
1942	full-stack-open-2022	React & Redux - Freestyle Coding [3]	38	https://www.youtube.com/watch?v=NCshQ290g38	2024-08-27 19:24:51.616689+07	2024-08-27 19:24:51.616689+07
1943	full-stack-open-2022	Helsingin yliopiston Full stack MOOC, vierailuluento Harrastelijasta ammattilaseksi (Houston Inc.)	27	https://www.youtube.com/watch?v=f1v6wSMCyCQ	2024-08-27 19:24:51.616689+07	2024-08-27 19:24:51.616689+07
1944	full-stack-open-2022	EVERYTHING WRONG: RELATIONAL VS NON-RELATIONAL DATABASES	7	https://www.youtube.com/watch?v=iUtQN8LMEp0	2024-08-27 19:24:51.616689+07	2024-08-27 19:24:51.616689+07
1945	full-stack-open-2022	Relational vs. Non-Relational Databases	8	https://www.youtube.com/watch?v=E9AgJnsEvG4	2024-08-27 19:24:51.616689+07	2024-08-27 19:24:51.616689+07
1946	full-stack-open-2022	Learn PostgreSQL Tutorial - Full Course for Beginners	259	https://www.youtube.com/watch?v=qw--VYLpxG4	2024-08-27 19:24:51.616689+07	2024-08-27 19:24:51.616689+07
1947	full-stack-open-2022	MySQL Database - Full Course	119	https://www.youtube.com/watch?v=ER8oKX5myE0	2024-08-27 19:24:51.616689+07	2024-08-27 19:24:51.616689+07
1948	full-stack-open-2022	How an HTTP Proxy works and How to Build one? (Node JS)	8	https://www.youtube.com/watch?v=KOibBdrdyY0	2024-08-27 19:24:51.616689+07	2024-08-27 19:24:51.616689+07
1949	full-stack-open-2022	Postman Beginners Course - API Testing	129	https://www.youtube.com/watch?v=VywxIQ2ZXw4	2024-08-27 19:24:51.616689+07	2024-08-27 19:24:51.616689+07
1950	full-stack-open-2022	Learn Express JS In 35 Minutes	36	https://www.youtube.com/watch?v=SccSCuHhOw0	2024-08-27 19:24:51.616689+07	2024-08-27 19:24:51.616689+07
1951	full-stack-open-2022	2.3 HTTP Post Request with fetch() - Working with Data and APIs in JavaScript	16	https://www.youtube.com/watch?v=Kw5tC5nQMRY	2024-08-27 19:24:51.616689+07	2024-08-27 19:24:51.616689+07
1952	full-stack-open-2022	How To Redirect In React - React Router V5 Tutorial | Redirecting, useHistory...	10	https://www.youtube.com/watch?v=tiAlSpyWIDs	2024-08-27 19:24:51.616689+07	2024-08-27 19:24:51.616689+07
1953	full-stack-open-2022	ExpressJS Middleware Tutorial - NodeJS Middleware For Beginners	12	https://www.youtube.com/watch?v=_I6gP_nIFIA	2024-08-27 19:24:51.616689+07	2024-08-27 19:24:51.616689+07
1954	full-stack-open-2022	UseState Tutorial For Beginners - React States Tutorial	16	https://www.youtube.com/watch?v=K0q-8ytGlVA	2024-08-27 19:24:51.616689+07	2024-08-27 19:24:51.616689+07
1955	full-stack-open-2022	Search Bar in React Tutorial - Cool Search Filter Tutorial	31	https://www.youtube.com/watch?v=x7niho285qs	2024-08-27 19:24:51.616689+07	2024-08-27 19:24:51.616689+07
1956	full-stack-open-2022	Different ways to get data from an inputs - Reactjs	18	https://www.youtube.com/watch?v=JeWmRmDzbxs	2024-08-27 19:24:51.616689+07	2024-08-27 19:24:51.616689+07
1957	full-stack-open-2022	Start Testing In ReactJS - React Testing Library Tutorial	28	https://www.youtube.com/watch?v=jrSE7XgGwRQ	2024-08-27 19:24:51.616689+07	2024-08-27 19:24:51.616689+07
1958	full-stack-open-2022	React Hooks Tutorial - 33 - useInput Custom Hook	9	https://www.youtube.com/watch?v=6am-yn3ZLEw	2024-08-27 19:24:51.616689+07	2024-08-27 19:24:51.616689+07
1959	full-stack-open-2022	React Native in 100 Seconds	2	https://www.youtube.com/watch?v=gvkqT_Uoahw	2024-08-27 19:24:51.616689+07	2024-08-27 19:24:51.616689+07
1960	full-stack-open-2022	DevOps CI/CD Explained in 100 Seconds	1	https://www.youtube.com/watch?v=scEDHsr3APg	2024-08-27 19:24:51.616689+07	2024-08-27 19:24:51.616689+07
1961	web-development-course	Introduction to Web Development | Worlds most premium Web Development Course | Lecture 0 (Reupload)	11	https://www.youtube.com/watch?v=l1EssrLxt7E	2024-08-27 19:24:51.616689+07	2024-08-27 19:24:51.616689+07
1962	web-development-course	HTML Course | From Beginners to Advance Level | Lecture 1	37	https://www.youtube.com/watch?v=Rek0NWPCNOc	2024-08-27 19:24:51.616689+07	2024-08-27 19:24:51.616689+07
1963	web-development-course	HTML Course | Worlds most premium HTML Course | Lecture 2	32	https://www.youtube.com/watch?v=2QR11oDukn4	2024-08-27 19:24:51.616689+07	2024-08-27 19:24:51.616689+07
1964	web-development-course	HTML Course | Media Elements | Lecture 3	26	https://www.youtube.com/watch?v=jRAZlTEZi9I	2024-08-27 19:24:51.616689+07	2024-08-27 19:24:51.616689+07
1965	web-development-course	HTML | Structuring a Mega Project	32	https://www.youtube.com/watch?v=61ppyY5rUB0	2024-08-27 19:24:51.616689+07	2024-08-27 19:24:51.616689+07
1966	web-development-course	CSS - What is selectors? | Web Development Course	25	https://www.youtube.com/watch?v=sqJ6xZ9mUwE	2024-08-27 19:24:51.616689+07	2024-08-27 19:24:51.616689+07
1967	web-development-course	Properties in CSS | Web Development Course | CSS Lecture 2	32	https://www.youtube.com/watch?v=4nC4VXHlys8	2024-08-27 19:24:51.616689+07	2024-08-27 19:24:51.616689+07
1968	web-development-course	Understanding Box Model | Styling List and Tables | CSS Lecture 3	28	https://www.youtube.com/watch?v=C01LeeMhwHc	2024-08-27 19:24:51.616689+07	2024-08-27 19:24:51.616689+07
1969	web-development-course	Understanding Cascading , Specificity and Inheritance | CSS Lecture 4	25	https://www.youtube.com/watch?v=wKPlQkOdpFQ	2024-08-27 19:24:51.616689+07	2024-08-27 19:24:51.616689+07
1970	web-development-course	Styling Forms in CSS | Web Development Course | Lecture 5 of CSS	15	https://www.youtube.com/watch?v=6Cpd63_WXdI	2024-08-27 19:24:51.616689+07	2024-08-27 19:24:51.616689+07
1971	web-development-course	Challenge #1 for Web Development Course students | Forms	1	https://www.youtube.com/watch?v=bgKYobOXTZ0	2024-08-27 19:24:51.616689+07	2024-08-27 19:24:51.616689+07
1972	web-development-course	Debugging in CSS | Web Development Course	15	https://www.youtube.com/watch?v=l-EkcthUMl4	2024-08-27 19:24:51.616689+07	2024-08-27 19:24:51.616689+07
1973	web-development-course	What is Responsiveness? CSS | Web Development Course | Lecture 7	14	https://www.youtube.com/watch?v=p870o46o1bM	2024-08-27 19:24:51.616689+07	2024-08-27 19:24:51.616689+07
1974	web-development-course	Responsiveness Challenge | CSS | Web Development Course	3	https://www.youtube.com/watch?v=2WMRDUS_b4E	2024-08-27 19:24:51.616689+07	2024-08-27 19:24:51.616689+07
1975	web-development-course	Floats & Position Properties | CSS | Web Development Course	22	https://www.youtube.com/watch?v=xpoWxFyGuC8	2024-08-27 19:24:51.616689+07	2024-08-27 19:24:51.616689+07
1976	web-development-course	Challenge 3: Float | Web Development Course	3	https://www.youtube.com/watch?v=lcPs2BbbI_M	2024-08-27 19:24:51.616689+07	2024-08-27 19:24:51.616689+07
1977	web-development-course	Challenge #4 : Positions | Web Development Course	3	https://www.youtube.com/watch?v=D_YpGeDy-i8	2024-08-27 19:24:51.616689+07	2024-08-27 19:24:51.616689+07
1978	web-development-course	Learn Flexbox Under 25mins | Web Development Course	24	https://www.youtube.com/watch?v=zts6uNVnCNs	2024-08-27 19:24:51.616689+07	2024-08-27 19:24:51.616689+07
1979	web-development-course	Flexbox-1 Challenge | CSS | Web Development Course	2	https://www.youtube.com/watch?v=OGkaHOD6CRU	2024-08-27 19:24:51.616689+07	2024-08-27 19:24:51.616689+07
1980	web-development-course	Flexbox-2 Challenge | CSS | Web Development Course	2	https://www.youtube.com/watch?v=hFvf0iPOjT8	2024-08-27 19:24:51.616689+07	2024-08-27 19:24:51.616689+07
1981	web-development-course	Flexbox-3 Challenge | CSS | Web Development Course	2	https://www.youtube.com/watch?v=eKtwlzRyuIc	2024-08-27 19:24:51.616689+07	2024-08-27 19:24:51.616689+07
1982	web-development-course	CSS Grid | Web Development Course	18	https://www.youtube.com/watch?v=xBSlwwitD5U	2024-08-27 19:24:51.616689+07	2024-08-27 19:24:51.616689+07
1983	web-development-course	CSS Grid-1 Challenge #8 | Web Development Course	2	https://www.youtube.com/watch?v=8imJZHgf44E	2024-08-27 19:24:51.616689+07	2024-08-27 19:24:51.616689+07
1984	web-development-course	CSS Grid -2 Challenge - 9 | Web Development Course	2	https://www.youtube.com/watch?v=KhPJ5xF4gIk	2024-08-27 19:24:51.616689+07	2024-08-27 19:24:51.616689+07
1985	web-development-course	Learn Animations in CSS	12	https://www.youtube.com/watch?v=Xdhdgl0Ju4k	2024-08-27 19:24:51.616689+07	2024-08-27 19:24:51.616689+07
1986	web-development-course	Adding CSS to Mega Project	14	https://www.youtube.com/watch?v=IZa8pbR8CWs	2024-08-27 19:24:51.616689+07	2024-08-27 19:24:51.616689+07
1987	web-development-course	Updating Design of Mega Project | Web Development Course	53	https://www.youtube.com/watch?v=ywK_wgQwKJY	2024-08-27 19:24:51.616689+07	2024-08-27 19:24:51.616689+07
1988	web-development-course	Namaste World in Bootstrap | Web Development Course	15	https://www.youtube.com/watch?v=DUiYVJIVNcA	2024-08-27 19:24:51.616689+07	2024-08-27 19:24:51.616689+07
1989	web-development-course	Customization & Layout in Bootstrap | Web Development Course  | Lecture 15	11	https://www.youtube.com/watch?v=ddWKdSS5TaQ	2024-08-27 19:24:51.616689+07	2024-08-27 19:24:51.616689+07
1990	web-development-course	Bootstrap - Grid Layout | Web Development Course | Lecture 16	17	https://www.youtube.com/watch?v=5NxYn0GiApg	2024-08-27 19:24:51.616689+07	2024-08-27 19:24:51.616689+07
1991	web-development-course	Bootstrap - Components | Web Development Course | Lecture 17	10	https://www.youtube.com/watch?v=IwlAhfeSnp8	2024-08-27 19:24:51.616689+07	2024-08-27 19:24:51.616689+07
1992	web-development-course	Javascript Introduction | Lecture 1 | Web Development Course	7	https://www.youtube.com/watch?v=B7wHpNUUT4Y	2024-08-27 19:24:51.616689+07	2024-08-27 19:24:51.616689+07
1993	web-development-course	Javascript - First Program Namaste World | Lecture 2 | Web Development Course	16	https://www.youtube.com/watch?v=j8fubBAFq_I	2024-08-27 19:24:51.616689+07	2024-08-27 19:24:51.616689+07
1994	web-development-course	How JavaScript Works ? | Javascript - Lecture 3 | Web Development Course	5	https://www.youtube.com/watch?v=2lRQTdpwhFk	2024-08-27 19:24:51.616689+07	2024-08-27 19:24:51.616689+07
1995	web-development-course	What is DOM (Document Object Model) ? | Javascript Lecture 4	6	https://www.youtube.com/watch?v=hRaDYCHqFQQ	2024-08-27 19:24:51.616689+07	2024-08-27 19:24:51.616689+07
1996	web-development-course	Ways to add JavaScript to Web Pages? JavaScript : Lecture 5 @ApnaCollegeOfficial	4	https://www.youtube.com/watch?v=zSt-KI0HryY	2024-08-27 19:24:51.616689+07	2024-08-27 19:24:51.616689+07
1997	web-development-course	Javascript | Lecture 6,7 & 8 Combined | Web Development Course	38	https://www.youtube.com/watch?v=sTk5BxgxDDI	2024-08-27 19:24:51.616689+07	2024-08-27 19:24:51.616689+07
1998	web-development-course	Javascript | Lecture 9 & 10 combined | If else and switch statements | Web Development Course	14	https://www.youtube.com/watch?v=VsEfh-EqNT8	2024-08-27 19:24:51.616689+07	2024-08-27 19:24:51.616689+07
1999	web-development-course	Loops in Javascript | Web Development Course | Javascript-  Lecture 11	21	https://www.youtube.com/watch?v=7xgJmIOG8GE	2024-08-27 19:24:51.616689+07	2024-08-27 19:24:51.616689+07
2000	web-development-course	Basics of Functions in Javascript |  Web Development Course | Javascript - Lecture 12	12	https://www.youtube.com/watch?v=5kY4Th53w70	2024-08-27 19:24:51.616689+07	2024-08-27 19:24:51.616689+07
2001	web-development-course	Strings in Javascript | Web Development Course | Lecture 13 & 14	24	https://www.youtube.com/watch?v=0hQPN4OQgU4	2024-08-27 19:24:51.616689+07	2024-08-27 19:24:51.616689+07
2002	web-development-course	Reference Datatypes in JavaScript | Web Development Course | Javascript Lecture 17	16	https://www.youtube.com/watch?v=vCZqAriaPZw	2024-08-27 19:24:51.616689+07	2024-08-27 19:24:51.616689+07
2003	web-development-course	Javascript : Top 10 Websites to practice | Web Development Course | Lecture 18	7	https://www.youtube.com/watch?v=vldRjjbcRXc	2024-08-27 19:24:51.616689+07	2024-08-27 19:24:51.616689+07
2004	web-development-course	Coercion and Type Conversion | Javascript - Lecture 19 | Web Development Course	11	https://www.youtube.com/watch?v=4RjmmZnDFVA	2024-08-27 19:24:51.616689+07	2024-08-27 19:24:51.616689+07
2005	web-development-course	Everything about Objects | Javascript Lecture  - 20 | Web Development Series	39	https://www.youtube.com/watch?v=LgZZLeWKGsI	2024-08-27 19:24:51.616689+07	2024-08-27 19:24:51.616689+07
2006	web-development-course	Objects Exercise | JavaScript | Lecture 21 | Web Development Course	8	https://www.youtube.com/watch?v=xw0J0v3Zkuo	2024-08-27 19:24:51.616689+07	2024-08-27 19:24:51.616689+07
2007	web-development-course	What is a Class? Javascript Lecture 22 | Web Development Course	16	https://www.youtube.com/watch?v=0QSSUHTJ-sU	2024-08-27 19:24:51.616689+07	2024-08-27 19:24:51.616689+07
2008	web-development-course	Everything about Arrays | Javascript Lecture 23 | Web Development Course	43	https://www.youtube.com/watch?v=QrFYRTcKXAU	2024-08-27 19:24:51.616689+07	2024-08-27 19:24:51.616689+07
2009	web-development-course	How code gets executed in JavaScript? | Lecture 25	9	https://www.youtube.com/watch?v=XrAyzuNanZo	2024-08-27 19:24:51.616689+07	2024-08-27 19:24:51.616689+07
2010	web-development-course	Exercise for array  Lecture 24  Javascript	23	https://www.youtube.com/watch?v=GXONlNAnmNU	2024-08-27 19:24:51.616689+07	2024-08-27 19:24:51.616689+07
2011	web-development-course	Web Development Course | Scope in Javascript | In Depth	23	https://www.youtube.com/watch?v=7n8kPBPzy5I	2024-08-27 19:24:51.616689+07	2024-08-27 19:24:51.616689+07
2012	web-development-course	What is Hoisting? | Javascript | Web Development Course	31	https://www.youtube.com/watch?v=101q0HoCDKs	2024-08-27 19:24:51.616689+07	2024-08-27 19:24:51.616689+07
2013	web-development-course	What is this keyword? | Javascript | Web Development Course	18	https://www.youtube.com/watch?v=aHPK2rsonZA	2024-08-27 19:24:51.616689+07	2024-08-27 19:24:51.616689+07
2014	web-development-course	Exercises for Objects | javascript | Web Development Course	19	https://www.youtube.com/watch?v=4ZSL8_zlq9Y	2024-08-27 19:24:51.616689+07	2024-08-27 19:24:51.616689+07
2015	web-development-course	DOM Manipulation | Javascript | Web Development Course	77	https://www.youtube.com/watch?v=fYR3i0mcE5c	2024-08-27 19:24:51.616689+07	2024-08-27 19:24:51.616689+07
2016	web-development-course	Creating a CRUD App | DOM Manipulation | Javascript | Web Development Course | Part - 2 |	58	https://www.youtube.com/watch?v=XuGaq24wixg	2024-08-27 19:24:51.616689+07	2024-08-27 19:24:51.616689+07
2017	web-development-course	How to Host a Static Website?	16	https://www.youtube.com/watch?v=Dm0K3x9yCkg	2024-08-27 19:24:51.616689+07	2024-08-27 19:24:51.616689+07
2018	php-course-for-beginners	1 | Introduction to PHP Programming for Beginners | 2023 | Learn PHP Full Course for Beginners	10	https://www.youtube.com/watch?v=m52ljs78S24	2024-08-27 19:24:51.616689+07	2024-08-27 19:24:51.616689+07
2019	php-course-for-beginners	2 | How to Install a Local Server for PHP | 2023 | Learn PHP Full Course for Beginners	10	https://www.youtube.com/watch?v=GRqw0pBwewY	2024-08-27 19:24:51.616689+07	2024-08-27 19:24:51.616689+07
2020	php-course-for-beginners	3 | Learn About PHP Syntax for Beginners | 2023 | Learn PHP Full Course for Beginners	7	https://www.youtube.com/watch?v=7YCFg9gyMjE	2024-08-27 19:24:51.616689+07	2024-08-27 19:24:51.616689+07
2021	php-course-for-beginners	4 | PHP Variable and Data Type Tutorial | 2023 | Learn PHP Full Course for Beginners	17	https://www.youtube.com/watch?v=FLs6rAVQWs0	2024-08-27 19:24:51.616689+07	2024-08-27 19:24:51.616689+07
2022	php-course-for-beginners	5 | Built-In Superglobal Variables in PHP | 2023 | Learn PHP Full Course for Beginners	15	https://www.youtube.com/watch?v=MujfofukfwQ	2024-08-27 19:24:51.616689+07	2024-08-27 19:24:51.616689+07
2023	php-course-for-beginners	6 | The Basics of PHP Form Handling Tutorial | 2023 | Learn PHP Full Course for Beginners	23	https://www.youtube.com/watch?v=bOqTCDfc7Tk	2024-08-27 19:24:51.616689+07	2024-08-27 19:24:51.616689+07
2024	php-course-for-beginners	7 | The PHP Operators You Need to Know! | 2023 | Learn PHP Full Course for Beginners	23	https://www.youtube.com/watch?v=oY91DwQyGlI	2024-08-27 19:24:51.616689+07	2024-08-27 19:24:51.616689+07
2025	php-course-for-beginners	8 | Conditions & Control Structures in PHP | 2023 | Learn PHP Full Course for Beginners	19	https://www.youtube.com/watch?v=OlvCP8kHjvs	2024-08-27 19:24:51.616689+07	2024-08-27 19:24:51.616689+07
2026	php-course-for-beginners	9 | PHP Exercise for Beginners: Create a Calculator! | 2023 | Learn PHP Full Course for Beginners	32	https://www.youtube.com/watch?v=vjw5UmY7g9M	2024-08-27 19:24:51.616689+07	2024-08-27 19:24:51.616689+07
2027	php-course-for-beginners	10 | How to Create Arrays in PHP | Indexed & Associative Arrays | 2023 | PHP Course for Beginners	22	https://www.youtube.com/watch?v=D7mqV-p1kEc	2024-08-27 19:24:51.616689+07	2024-08-27 19:24:51.616689+07
2028	php-course-for-beginners	11 | Internal (Built-in) Functions in PHP | 2023 | Learn PHP Full Course for Beginners	20	https://www.youtube.com/watch?v=vxSkDk6x9-o	2024-08-27 19:24:51.616689+07	2024-08-27 19:24:51.616689+07
2029	php-course-for-beginners	12 | User-Defined Functions in PHP for Beginners | 2023 | Learn PHP Full Course for Beginners	14	https://www.youtube.com/watch?v=jiTI33oeKzU	2024-08-27 19:24:51.616689+07	2024-08-27 19:24:51.616689+07
2030	php-course-for-beginners	13 | Scopes in PHP for Beginners | 2023 | Learn PHP Full Course for Beginners	13	https://www.youtube.com/watch?v=YIM6OLBMyY8	2024-08-27 19:24:51.616689+07	2024-08-27 19:24:51.616689+07
2031	php-course-for-beginners	14 | What are Constants in PHP for Beginners | 2023 | Learn PHP Full Course for Beginners	6	https://www.youtube.com/watch?v=EbdQjdXw6XQ	2024-08-27 19:24:51.616689+07	2024-08-27 19:24:51.616689+07
2032	php-course-for-beginners	15 | How to Use and Create Loops in PHP | 2023 | Learn PHP Full Course for Beginners	17	https://www.youtube.com/watch?v=g7h5ndxKV9U	2024-08-27 19:24:51.616689+07	2024-08-27 19:24:51.616689+07
2033	php-course-for-beginners	16 | Create a Database in MySQL PHP Tutorial | 2023 | Learn PHP Full Course for Beginners	12	https://www.youtube.com/watch?v=H2XtR1zwg6s	2024-08-27 19:24:51.616689+07	2024-08-27 19:24:51.616689+07
2034	php-course-for-beginners	17 | Create Database Tables in MySQL PHP Tutorial | 2023 | Learn PHP Full Course for Beginners	40	https://www.youtube.com/watch?v=KMYZqb88Wm0	2024-08-27 19:24:51.616689+07	2024-08-27 19:24:51.616689+07
2035	php-course-for-beginners	18 | INSERT, UPDATE & DELETE to Change Table Data | 2023 | Learn PHP Full Course for Beginners	19	https://www.youtube.com/watch?v=s-gc9CvbJ0M	2024-08-27 19:24:51.616689+07	2024-08-27 19:24:51.616689+07
2036	php-course-for-beginners	19 | SELECT & JOIN Database Table Data in MySQL | 2023 | Learn PHP Full Course for Beginners	12	https://www.youtube.com/watch?v=LiK0mhBbhbc	2024-08-27 19:24:51.616689+07	2024-08-27 19:24:51.616689+07
2037	php-course-for-beginners	20 | Connect to a Database From a Website Using PHP | 2023 | Learn PHP Full Course for Beginners	14	https://www.youtube.com/watch?v=tHKsZdS8Oug	2024-08-27 19:24:51.616689+07	2024-08-27 19:24:51.616689+07
2038	php-course-for-beginners	21 | Change Username & Password in MySQL Database | 2023 | Learn PHP Full Course for Beginners	5	https://www.youtube.com/watch?v=7ALVC1eWgdI	2024-08-27 19:24:51.616689+07	2024-08-27 19:24:51.616689+07
2039	php-course-for-beginners	22 | INSERT INTO Database Using PHP From Your Website! | 2023 | Learn PHP Full Course for Beginners	22	https://www.youtube.com/watch?v=IagGGcC95Ig	2024-08-27 19:24:51.616689+07	2024-08-27 19:24:51.616689+07
2040	php-course-for-beginners	23 | UPDATE & DELETE Database Data Using PHP From Your Website! | 2023 | Learn PHP Full Course	8	https://www.youtube.com/watch?v=9Mkd4ig3yjE	2024-08-27 19:24:51.616689+07	2024-08-27 19:24:51.616689+07
2041	php-course-for-beginners	24 | Selecting Data Using PHP From Your Website! | 2023 | Learn PHP Full Course For Beginners	22	https://www.youtube.com/watch?v=i3UcDdOcodc	2024-08-27 19:24:51.616689+07	2024-08-27 19:24:51.616689+07
2042	php-course-for-beginners	25 | How to Create Sessions in PHP for Beginners | 2023 | Learn PHP Full Course For Beginners	12	https://www.youtube.com/watch?v=JAgd_L3GhI0	2024-08-27 19:24:51.616689+07	2024-08-27 19:24:51.616689+07
2043	php-course-for-beginners	26 | Session Security Basics in PHP for Beginners | 2023 | Learn PHP Full Course For Beginners	16	https://www.youtube.com/watch?v=FbLYsTHJKDw	2024-08-27 19:24:51.616689+07	2024-08-27 19:24:51.616689+07
2044	php-course-for-beginners	27 | Hashing Using PHP for Beginners | 2023 | Learn PHP Full Course For Beginners	22	https://www.youtube.com/watch?v=N8pHSP3ob7o	2024-08-27 19:24:51.616689+07	2024-08-27 19:24:51.616689+07
2045	php-course-for-beginners	28 | Lets Create A Signup System in PHP! | 2023 | Learn PHP Full Course for Beginners	79	https://www.youtube.com/watch?v=Ojk70Ag8Ofs	2024-08-27 19:24:51.616689+07	2024-08-27 19:24:51.616689+07
2046	php-course-for-beginners	29 | Lets Create A Login System in PHP! | 2023 | Learn PHP Full Course for Beginners	45	https://www.youtube.com/watch?v=XDz9SMYyTQo	2024-08-27 19:24:51.616689+07	2024-08-27 19:24:51.616689+07
2047	php-course-for-beginners	Learn Object Oriented PHP for Beginners | With Examples to Help You Understand! | OOP PHP Tutorial	58	https://www.youtube.com/watch?v=yrFr5PMdk2A	2024-08-27 19:24:51.616689+07	2024-08-27 19:24:51.616689+07
2048	full-modern-react-tutorial	Full React Tutorial #1 - Introduction	6	https://www.youtube.com/watch?v=j942wKiXFu8	2024-08-27 19:24:51.616689+07	2024-08-27 19:24:51.616689+07
2049	full-modern-react-tutorial	Full React Tutorial #2 - Creating a React Application	13	https://www.youtube.com/watch?v=kVeOpcw4GWY	2024-08-27 19:24:51.616689+07	2024-08-27 19:24:51.616689+07
2050	full-modern-react-tutorial	Full React Tutorial #3 - Components & Templates	6	https://www.youtube.com/watch?v=9D1x7-2FmTA	2024-08-27 19:24:51.616689+07	2024-08-27 19:24:51.616689+07
2051	full-modern-react-tutorial	Full React Tutorial #4 - Dynamic Values in Templates	5	https://www.youtube.com/watch?v=pnhO8UaCgxg	2024-08-27 19:24:51.616689+07	2024-08-27 19:24:51.616689+07
2052	full-modern-react-tutorial	Full React Tutorial #5 - Multiple Components	6	https://www.youtube.com/watch?v=0sSYmRImgRY	2024-08-27 19:24:51.616689+07	2024-08-27 19:24:51.616689+07
2053	full-modern-react-tutorial	Full React Tutorial #6 - Adding Styles	6	https://www.youtube.com/watch?v=NbTrGcz4DW8	2024-08-27 19:24:51.616689+07	2024-08-27 19:24:51.616689+07
2054	full-modern-react-tutorial	Full React Tutorial #7 - Click Events	7	https://www.youtube.com/watch?v=0XSDAup85SA	2024-08-27 19:24:51.616689+07	2024-08-27 19:24:51.616689+07
2055	full-modern-react-tutorial	Full React Tutorial #8 - Using State (useState hook)	6	https://www.youtube.com/watch?v=4pO-HcG2igk	2024-08-27 19:24:51.616689+07	2024-08-27 19:24:51.616689+07
2056	full-modern-react-tutorial	Full React Tutorial #9 - Intro to React Dev Tools	4	https://www.youtube.com/watch?v=rb1GWqCJid4	2024-08-27 19:24:51.616689+07	2024-08-27 19:24:51.616689+07
2057	full-modern-react-tutorial	Full React Tutorial #10 - Outputting Lists	6	https://www.youtube.com/watch?v=tHjxSVaj_wY	2024-08-27 19:24:51.616689+07	2024-08-27 19:24:51.616689+07
2058	full-modern-react-tutorial	Full React Tutorial #11 - Props	8	https://www.youtube.com/watch?v=PHaECbrKgs0	2024-08-27 19:24:51.616689+07	2024-08-27 19:24:51.616689+07
2059	full-modern-react-tutorial	Full React Tutorial #12 - Reusing Components	2	https://www.youtube.com/watch?v=-YpnB-zlkPU	2024-08-27 19:24:51.616689+07	2024-08-27 19:24:51.616689+07
2060	full-modern-react-tutorial	Full React Tutorial #13 - Functions as Props	4	https://www.youtube.com/watch?v=CWEOYFzgOJs	2024-08-27 19:24:51.616689+07	2024-08-27 19:24:51.616689+07
2061	full-modern-react-tutorial	Full React Tutorial #14 - useEffect Hook (the basics)	3	https://www.youtube.com/watch?v=gv9ugDJ1ynU	2024-08-27 19:24:51.616689+07	2024-08-27 19:24:51.616689+07
2062	full-modern-react-tutorial	Full React Tutorial #15 - useEffect Dependencies	4	https://www.youtube.com/watch?v=jQc_bTFZ5_I	2024-08-27 19:24:51.616689+07	2024-08-27 19:24:51.616689+07
2063	full-modern-react-tutorial	Full React Tutorial #16 - Using JSON Server	5	https://www.youtube.com/watch?v=eao7ABGFUXs	2024-08-27 19:24:51.616689+07	2024-08-27 19:24:51.616689+07
2064	full-modern-react-tutorial	Full React Tutorial #17 - Fetching Data with useEffect	7	https://www.youtube.com/watch?v=qdCHEUaFhBk	2024-08-27 19:24:51.616689+07	2024-08-27 19:24:51.616689+07
2065	full-modern-react-tutorial	Full React Tutorial #18 - Conditional Loading Message	3	https://www.youtube.com/watch?v=qtheqr0jgIQ	2024-08-27 19:24:51.616689+07	2024-08-27 19:24:51.616689+07
2066	full-modern-react-tutorial	Full React Tutorial #19 - Handling Fetch Errors	7	https://www.youtube.com/watch?v=DTBta08fXGU	2024-08-27 19:24:51.616689+07	2024-08-27 19:24:51.616689+07
2067	full-modern-react-tutorial	Full React Tutorial #20 - Making a Custom Hook	8	https://www.youtube.com/watch?v=Jl4q2cccwf0	2024-08-27 19:24:51.616689+07	2024-08-27 19:24:51.616689+07
2068	full-modern-react-tutorial	Full React Tutorial #21 - The React Router	8	https://www.youtube.com/watch?v=aZGzwEjZrXc	2024-08-27 19:24:51.616689+07	2024-08-27 19:24:51.616689+07
2069	full-modern-react-tutorial	Full React Tutorial #22 - Exact Match Routes	5	https://www.youtube.com/watch?v=EmUa_tcSM-k	2024-08-27 19:24:51.616689+07	2024-08-27 19:24:51.616689+07
2070	full-modern-react-tutorial	Full React Tutorial #23 - Router Links	3	https://www.youtube.com/watch?v=DO-pSysGItQ	2024-08-27 19:24:51.616689+07	2024-08-27 19:24:51.616689+07
2071	full-modern-react-tutorial	Full React Tutorial #24 - useEffect Cleanup	6	https://www.youtube.com/watch?v=aKOQtGLT-Yk	2024-08-27 19:24:51.616689+07	2024-08-27 19:24:51.616689+07
2072	full-modern-react-tutorial	Full React Tutorial #25 - Route Parameters	8	https://www.youtube.com/watch?v=t7VmF4WsLCo	2024-08-27 19:24:51.616689+07	2024-08-27 19:24:51.616689+07
2073	full-modern-react-tutorial	Full React Tutorial #26 - Reusing Custom Hooks	5	https://www.youtube.com/watch?v=c-5VXl8yPQA	2024-08-27 19:24:51.616689+07	2024-08-27 19:24:51.616689+07
2074	full-modern-react-tutorial	Full React Tutorial #27 - Controlled Inputs (forms)	9	https://www.youtube.com/watch?v=IkMND33x0qQ	2024-08-27 19:24:51.616689+07	2024-08-27 19:24:51.616689+07
2075	full-modern-react-tutorial	Full React Tutorial #28 - Submit Events	2	https://www.youtube.com/watch?v=pJiRj02PkJQ	2024-08-27 19:24:51.616689+07	2024-08-27 19:24:51.616689+07
2076	full-modern-react-tutorial	Full React Tutorial #29 - Making a POST Request	5	https://www.youtube.com/watch?v=EcRFYF4B3IQ	2024-08-27 19:24:51.616689+07	2024-08-27 19:24:51.616689+07
2077	full-modern-react-tutorial	Full React Tutorial #30 - Programmatic Redirects	3	https://www.youtube.com/watch?v=TmVqwhBUiSM	2024-08-27 19:24:51.616689+07	2024-08-27 19:24:51.616689+07
2078	full-modern-react-tutorial	Full React Tutorial #31 - Deleting Blogs	3	https://www.youtube.com/watch?v=Wb-0CkLiyQk	2024-08-27 19:24:51.616689+07	2024-08-27 19:24:51.616689+07
2079	full-modern-react-tutorial	Full React Tutorial #32 - 404 Pages & Next Steps	4	https://www.youtube.com/watch?v=XW0t2lk4Ffo	2024-08-27 19:24:51.616689+07	2024-08-27 19:24:51.616689+07
\.


--
-- Data for Name: courses_rating; Type: TABLE DATA; Schema: public; Owner: akai
--

COPY public.courses_rating (id, user_id, course_slug, rating, comment, "timestamp") FROM stdin;
\.


--
-- Data for Name: django_admin_log; Type: TABLE DATA; Schema: public; Owner: akai
--

COPY public.django_admin_log (id, action_time, object_id, object_repr, action_flag, change_message, content_type_id, user_id) FROM stdin;
130	2024-08-27 18:55:00.489898+07	web-development-with-php	Web Development with PHP	2	[{"changed": {"fields": ["Thumbnail"]}}]	8	1
131	2024-08-27 18:55:54.176411+07	introduction-to-software-engineering	Introduction to Software Engineering	2	[{"changed": {"fields": ["Thumbnail"]}}]	8	1
132	2024-08-27 19:35:25.312347+07	4	ntsang@gmail.com	1	[{"added": {}}]	6	1
133	2024-08-27 20:25:52.593582+07	6	ntsang000@gmail.com	1	[{"added": {}}]	6	1
134	2024-08-27 20:27:08.166918+07	6	ntsang000@gmail.com	2	[{"changed": {"fields": ["Is admin"]}}]	6	1
135	2024-08-27 20:27:45.127961+07	6	ntsang000@gmail.com	2	[{"changed": {"fields": ["Is superadmin"]}}]	6	1
136	2024-08-27 20:28:14.958202+07	6	ntsang000@gmail.com	2	[{"changed": {"fields": ["Is active"]}}]	6	1
137	2024-08-27 20:28:56.550125+07	6	ntsang000@gmail.com	2	[]	6	1
138	2024-08-27 20:38:18.150673+07	6	ntsang000@gmail.com	2	[{"changed": {"fields": ["Password"]}}]	6	1
141	2024-08-27 20:44:28.686812+07	6	ntsang000@gmail.com	2	[{"changed": {"fields": ["Is admin", "Is staff", "Is active", "Is superadmin"]}}]	6	1
142	2024-08-27 20:44:32.693627+07	6	ntsang000@gmail.com	2	[]	6	1
143	2024-08-27 20:45:10.455282+07	6	ntsang000@gmail.com	2	[{"changed": {"fields": ["Is admin"]}}]	6	1
144	2024-08-27 20:45:24.44601+07	6	ntsang000@gmail.com	2	[{"changed": {"fields": ["Is active"]}}]	6	1
145	2024-08-27 20:45:48.818732+07	6	ntsang000@gmail.com	2	[{"changed": {"fields": ["Is admin"]}}]	6	1
146	2024-08-27 21:58:28.654404+07	8	sangooo@gmail.com	1	[{"added": {}}]	6	1
\.


--
-- Data for Name: django_content_type; Type: TABLE DATA; Schema: public; Owner: akai
--

COPY public.django_content_type (id, app_label, model) FROM stdin;
1	admin	logentry
2	auth	permission
3	auth	group
4	contenttypes	contenttype
5	sessions	session
6	accounts	account
7	courses	category
8	courses	course
9	courses	lesson
10	courses	rating
11	account_courses	wishlist
12	account_courses	enroll
\.


--
-- Data for Name: django_migrations; Type: TABLE DATA; Schema: public; Owner: akai
--

COPY public.django_migrations (id, app, name, applied) FROM stdin;
1	accounts	0001_initial	2024-08-27 11:13:19.421433+07
2	contenttypes	0001_initial	2024-08-27 11:13:19.437879+07
3	admin	0001_initial	2024-08-27 11:13:19.47245+07
4	admin	0002_logentry_remove_auto_add	2024-08-27 11:13:19.478703+07
5	admin	0003_logentry_add_action_flag_choices	2024-08-27 11:13:19.487252+07
6	contenttypes	0002_remove_content_type_name	2024-08-27 11:13:19.499457+07
7	auth	0001_initial	2024-08-27 11:13:19.572864+07
8	auth	0002_alter_permission_name_max_length	2024-08-27 11:13:19.580804+07
9	auth	0003_alter_user_email_max_length	2024-08-27 11:13:19.590448+07
10	auth	0004_alter_user_username_opts	2024-08-27 11:13:19.597871+07
11	auth	0005_alter_user_last_login_null	2024-08-27 11:13:19.606503+07
12	auth	0006_require_contenttypes_0002	2024-08-27 11:13:19.612151+07
13	auth	0007_alter_validators_add_error_messages	2024-08-27 11:13:19.621499+07
14	auth	0008_alter_user_username_max_length	2024-08-27 11:13:19.628426+07
15	auth	0009_alter_user_last_name_max_length	2024-08-27 11:13:19.637065+07
16	auth	0010_alter_group_name_max_length	2024-08-27 11:13:19.647321+07
17	auth	0011_update_proxy_permissions	2024-08-27 11:13:19.659956+07
18	auth	0012_alter_user_first_name_max_length	2024-08-27 11:13:19.668498+07
19	sessions	0001_initial	2024-08-27 11:13:19.696614+07
20	account_courses	0001_initial	2024-08-27 17:18:28.205183+07
36	accounts	0002_alter_account_is_active	2024-08-27 21:44:09.894936+07
37	accounts	0003_account_avt_url	2024-08-27 21:57:06.869071+07
38	accounts	0004_alter_account_avt_url	2024-08-27 21:57:06.880748+07
\.


--
-- Data for Name: django_session; Type: TABLE DATA; Schema: public; Owner: akai
--

COPY public.django_session (session_key, session_data, expire_date) FROM stdin;
hsbjjne5qb4pjyozprb4w2k4p6flqo86	.eJxVjEEOgyAQRe8y64YwBTLisvuewQwMFNtGE8GV8e6tiRu3_733N4i8NOi3_QYDr60Ma03LMAr0gHDZAsdPmg4gb55es4rz1JYxqENRJ63qOUv6Pk73clC4ln_NgVy21ojGiDl4oqyzsZEsau-st0kYRe6pc5GMpo6cNojkc-ec1x72HxvjOhA:1sixeO:CUF03jWwd0yv4Nd9ONkjpKMZrdqjiR3_tKy4OMjhAzw	2024-09-10 21:58:28.697889+07
uw6sluoj2igwvyuwxvynwnxz1m20z51f	eyJjYXJ0Ijp7fX0:1r5bUv:7fTK_FDHuQQFDzaSUGwnqV3p62VllWy1TXTgGgZUNOA	2023-12-06 07:53:45.920477+07
deotdiixbvtpo9fysioq3n6jsxtmjy72	.eJxVjDEOgzAQBP_iOrJ8xHZiyvS8Aa3v7EASgYShQvw9IFEk7c7srKrFMnftUtLU9qJqZdXld4vgdxoOIC8Mz1HzOMxTH_Wh6JMW3YySPo_T_Qt0KN3-zhYx3b11ASbwlX2AJF-xsyJUAYjeEyWASCBZiLMJt5ANeYohuj3KmGZVr9v2BVN9PCs:1rB9tK:ereUk_ZkkiZ01xw8V42Ijw_KE4DcyJDNnS56XBSCQTo	2023-12-21 15:37:54.466188+07
igwiuefstq1mk5g3wjm7adr0cl1km8dg	eyJjYXJ0Ijp7fX0:1rA35D:HSsJlJ1PcsM6ON42-PvfNN7RrnGGB-Wk5awYcG1XQyk	2023-12-18 14:09:35.562639+07
ft4h6t64w3pv6jxmmwn3yx0t9junxxlw	.eJxVjDEOgzAQBP_iOrJ8xHZiyvS8Aa3v7EASgYShQvw9IFEk7c7srKrFMnftUtLU9qJqZdXld4vgdxoOIC8Mz1HzOMxTH_Wh6JMW3YySPo_T_Qt0KN3-zhYx3b11ASbwlX2AJF-xsyJUAYjeEyWASCBZiLMJt5ANeYohuj3KmGZVr9v2BVN9PCs:1rBAFB:8WbKQxtEr3dwhqfkMFEDN20V8mEdkrOswATcKv4rG8k	2023-12-21 16:00:29.208886+07
s7ro5kwiqaj99bd2vvlpy4s1fr3rzw39	.eJxVjDEOgzAQBP_iOrJ8xHZiyvS8Aa3v7EASgYShQvw9IFEk7c7srKrFMnftUtLU9qJqZdXld4vgdxoOIC8Mz1HzOMxTH_Wh6JMW3YySPo_T_Qt0KN3-zhYx3b11ASbwlX2AJF-xsyJUAYjeEyWASCBZiLMJt5ANeYohuj3KmGZVr9v2BVN9PCs:1r62TX:VvnYxsUZCR84vpVne2vzyPiPAdBPEaOeZMgtlTqMoqk	2023-12-07 12:42:07.18323+07
sl8xltm08zwx0px9nlnnr976vd9e63cb	eyJjYXJ0Ijp7fX0:1rBALT:1XxkHdh2jR98rw1wMCBILVtrJyWynGhNFxyWyMkzBhY	2023-12-21 16:06:59.277689+07
4c1czfgfpkegshnplsqls8irx9s88ium	.eJxVjDsOgzAQBe_iOrIw_qxNmT5nQOtdOyaJjMSnQtw9IFEk7Zt5s4ke16X065ymfmDRCStuv1tEeqd6An5hfY6SxrpMQ5SnIi86y8fI6XO_3L9Awbkc75h1hmgILbTOeK-MSxqaNoBRCbyxmRok8M7mnKMKHDSD04hRW0fsjyjhtIhu2_cvFBc7Dw:1r67mR:JO5mxYJT6ykrAhiK6c52dYDVi1zvOfLD4gCEFD3BZI8	2023-12-07 18:21:59.187112+07
3iwliy98loot8oh8nj8d6b7vorkqn7b1	eyJjYXJ0Ijp7fX0:1r5rq1:kRfJIpF8GBy6_urVK6l9q5UnK7ri-SeXt14c7VtXCVw	2023-12-07 01:20:37.100946+07
lbfn7ln8eg5i60xt7rc29mvnttvrkoz8	eyJjYXJ0Ijp7InB5dGhvbiI6eyJxdWFudGl0eSI6MSwicHJpY2UiOiI1MC4wIn19fQ:1r6Lnb:d5cNRB44tNvIKDUEVCin3ujWOi_NJBkyvY8LEoyLu60	2023-12-08 09:20:07.111733+07
nxhvkohtp2lithad9a6brylaw9qxg431	.eJxVjDsOgzAQBe-ydWSxxDgxZfqcwXretWOSCCQ-FeLuCRIN7ZuZt5JgnKldtwsFLHMJy5TG0Cm1ZOm0Rcgn9TvQN_rXYGTo57GLZlfMQSfzHDR9H4d7OiiYyr_OFjHdnW08Ki9XcR6aXC2NVeUaQHSOOQHMCs3Kkit_87lix9HHhrYfU0E8Kw:1rBWIj:iuH_2CkmCROM6b_wwEnaBHWTV0sTJmhPnu42HwZWc6A	2023-12-22 15:33:37.911914+07
reamnwaqdzqe6w82k7qvxt8esh396rty	eyJjYXJ0Ijp7fX0:1rBZyd:5xcF5OTRQ2ES5qf4XAxRFTn8SMMy5eHsoYslxg5heEQ	2023-12-22 19:29:07.570284+07
5959ts58jp1y06kk6qaylgv69womglkb	eyJjYXJ0Ijp7fX0:1rBrkC:jnldNDh5RMw7pHy7qVH3AtKHR14hv9xIzRUkh64BBSI	2023-12-23 14:27:24.465213+07
bumjac84z74o2h2kruzpasgi28gsjumu	.eJxVjDEOgzAQBP_iOrIMxpyPMn3eYJ3v7EASgWSgQvw9IFEk7c7sbCrQuvRhnVMJg6hOeXX73SLxO40nkBeNz0nzNC5liPpU9EVn_Zgkfe6X-xfoae6PNxE0jXMAmMgjsMGWjQeylakgR4xGbMpV4xLZ1tbEUrtcZ_KGBTG7I8pUFtVt-_4FFJw7Lg:1sixq7:ngatQys2bDS6FhiTSzvn-wWsAPRFuLrxVv5jKsfUubs	2024-09-10 22:10:35.191982+07
\.


--
-- Data for Name: udemy_enroll; Type: TABLE DATA; Schema: public; Owner: akai
--

COPY public.udemy_enroll (id, created_at, updated_at, course_id, user_id) FROM stdin;
3	2023-11-30 17:36:26.345986+07	2023-11-30 17:36:26.346+07	go-programming-language-mastering-the-basics	5
4	2023-12-04 01:39:46.765745+07	2023-12-04 01:39:46.765751+07	java-development-for-beginners	4
5	2023-12-04 13:30:19.020424+07	2023-12-04 13:30:19.020432+07	python-programming-fundamentals	4
6	2023-12-04 13:33:43.470762+07	2023-12-04 13:33:43.470767+07	web-development-with-php	4
7	2023-12-05 22:38:35.302593+07	2023-12-05 22:38:35.3026+07	r-programming-for-data-science	4
9	2023-12-06 00:02:00.251732+07	2023-12-06 00:02:00.251737+07	devops-practices-and-continuous-integration	4
10	2023-12-06 10:37:27.278705+07	2023-12-06 10:37:27.278714+07	javascript-essentials	4
11	2023-12-06 10:38:20.28737+07	2023-12-06 10:38:20.287374+07	cpp-programming-for-advanced-users	4
12	2023-12-06 10:40:26.962966+07	2023-12-06 10:40:26.962972+07	ruby-on-rails-from-novice-to-ninja	4
13	2023-12-06 10:40:26.965813+07	2023-12-06 10:40:26.965818+07	swift-programming-for-ios-development	4
14	2023-12-06 10:40:26.967824+07	2023-12-06 10:40:26.96783+07	kotlin-development-for-android	4
15	2023-12-06 10:40:26.970163+07	2023-12-06 10:40:26.970171+07	go-programming-language-mastering-the-basics	4
16	2023-12-06 10:40:26.972883+07	2023-12-06 10:40:26.97289+07	quality-assurance-and-testing-in-software-engineering	4
17	2023-12-06 10:40:26.974899+07	2023-12-06 10:40:26.974903+07	software-security-and-ethical-hacking	4
19	2023-12-06 10:40:26.978604+07	2023-12-06 10:40:26.978606+07	agile-development-practices	4
20	2023-12-06 10:40:26.980253+07	2023-12-06 10:40:26.980258+07	software-architecture-and-design-patterns	4
21	2023-12-06 10:40:26.982061+07	2023-12-06 10:40:26.982064+07	web-development-with-django	4
22	2023-12-07 15:29:06.972085+07	2023-12-07 15:29:06.972091+07	mobile-app-development-with-react-native	4
23	2023-12-07 15:30:33.157238+07	2023-12-07 15:30:33.157244+07	introduction-to-software-engineering	4
24	2023-12-07 15:31:17.427648+07	2023-12-07 15:31:17.427655+07	java-development-for-beginners	4
25	2023-12-07 15:39:30.241577+07	2023-12-07 15:39:30.241585+07	introduction-to-software-engineering	4
26	2023-12-07 15:39:30.245334+07	2023-12-07 15:39:30.24534+07	swift-programming-for-ios-development	4
\.


--
-- Data for Name: udemy_wishlist; Type: TABLE DATA; Schema: public; Owner: akai
--

COPY public.udemy_wishlist (id, created_at, updated_at, course_id, user_id) FROM stdin;
1	2023-12-06 14:03:22.702948+07	2023-12-06 14:03:22.702954+07	introduction-to-software-engineering	4
2	2023-12-06 20:52:01.151322+07	2023-12-06 20:52:01.151328+07	mobile-app-development-with-react-native	4
3	2023-12-07 18:17:11.665181+07	2023-12-07 18:17:11.665201+07	swift-programming-for-ios-development	4
4	2023-12-07 22:41:41.273645+07	2023-12-07 22:41:41.273651+07	java-development-for-beginners	4
5	2023-12-08 11:07:12.527864+07	2023-12-08 11:07:12.527872+07	ruby-on-rails-from-novice-to-ninja	4
\.


--
-- Data for Name: wishlist; Type: TABLE DATA; Schema: public; Owner: postgres
--

COPY public.wishlist (id, created_at, updated_at, user_id, course_id, thumbnail) FROM stdin;
\.


--
-- Name: account_courses_enroll_id_seq; Type: SEQUENCE SET; Schema: public; Owner: akai
--

SELECT pg_catalog.setval('public.account_courses_enroll_id_seq', 2, true);


--
-- Name: account_courses_wishlist_id_seq; Type: SEQUENCE SET; Schema: public; Owner: akai
--

SELECT pg_catalog.setval('public.account_courses_wishlist_id_seq', 1, false);


--
-- Name: accounts_account_id_seq; Type: SEQUENCE SET; Schema: public; Owner: akai
--

SELECT pg_catalog.setval('public.accounts_account_id_seq', 8, true);


--
-- Name: accounts_user_groups_id_seq; Type: SEQUENCE SET; Schema: public; Owner: akai
--

SELECT pg_catalog.setval('public.accounts_user_groups_id_seq', 1, false);


--
-- Name: accounts_user_id_seq; Type: SEQUENCE SET; Schema: public; Owner: akai
--

SELECT pg_catalog.setval('public.accounts_user_id_seq', 6, true);


--
-- Name: accounts_user_user_permissions_id_seq; Type: SEQUENCE SET; Schema: public; Owner: akai
--

SELECT pg_catalog.setval('public.accounts_user_user_permissions_id_seq', 1, false);


--
-- Name: auth_group_id_seq; Type: SEQUENCE SET; Schema: public; Owner: akai
--

SELECT pg_catalog.setval('public.auth_group_id_seq', 1, false);


--
-- Name: auth_group_permissions_id_seq; Type: SEQUENCE SET; Schema: public; Owner: akai
--

SELECT pg_catalog.setval('public.auth_group_permissions_id_seq', 1, false);


--
-- Name: auth_permission_id_seq; Type: SEQUENCE SET; Schema: public; Owner: akai
--

SELECT pg_catalog.setval('public.auth_permission_id_seq', 48, true);


--
-- Name: courses_category_id_seq; Type: SEQUENCE SET; Schema: public; Owner: akai
--

SELECT pg_catalog.setval('public.courses_category_id_seq', 7, true);


--
-- Name: courses_lesson_id_seq; Type: SEQUENCE SET; Schema: public; Owner: akai
--

SELECT pg_catalog.setval('public.courses_lesson_id_seq', 2079, true);


--
-- Name: courses_rating_id_seq; Type: SEQUENCE SET; Schema: public; Owner: akai
--

SELECT pg_catalog.setval('public.courses_rating_id_seq', 16, true);


--
-- Name: django_admin_log_id_seq; Type: SEQUENCE SET; Schema: public; Owner: akai
--

SELECT pg_catalog.setval('public.django_admin_log_id_seq', 146, true);


--
-- Name: django_content_type_id_seq; Type: SEQUENCE SET; Schema: public; Owner: akai
--

SELECT pg_catalog.setval('public.django_content_type_id_seq', 12, true);


--
-- Name: django_migrations_id_seq; Type: SEQUENCE SET; Schema: public; Owner: akai
--

SELECT pg_catalog.setval('public.django_migrations_id_seq', 38, true);


--
-- Name: udemy_enroll_id_seq; Type: SEQUENCE SET; Schema: public; Owner: akai
--

SELECT pg_catalog.setval('public.udemy_enroll_id_seq', 26, true);


--
-- Name: udemy_wishlist_id_seq; Type: SEQUENCE SET; Schema: public; Owner: akai
--

SELECT pg_catalog.setval('public.udemy_wishlist_id_seq', 5, true);


--
-- Name: wishlist_id_seq; Type: SEQUENCE SET; Schema: public; Owner: postgres
--

SELECT pg_catalog.setval('public.wishlist_id_seq', 1, false);


--
-- Name: account_courses_enroll account_courses_enroll_pkey; Type: CONSTRAINT; Schema: public; Owner: akai
--

ALTER TABLE ONLY public.account_courses_enroll
    ADD CONSTRAINT account_courses_enroll_pkey PRIMARY KEY (id);


--
-- Name: account_courses_wishlist account_courses_wishlist_pkey; Type: CONSTRAINT; Schema: public; Owner: akai
--

ALTER TABLE ONLY public.account_courses_wishlist
    ADD CONSTRAINT account_courses_wishlist_pkey PRIMARY KEY (id);


--
-- Name: accounts_account accounts_account_email_key; Type: CONSTRAINT; Schema: public; Owner: akai
--

ALTER TABLE ONLY public.accounts_account
    ADD CONSTRAINT accounts_account_email_key UNIQUE (email);


--
-- Name: accounts_account accounts_account_pkey; Type: CONSTRAINT; Schema: public; Owner: akai
--

ALTER TABLE ONLY public.accounts_account
    ADD CONSTRAINT accounts_account_pkey PRIMARY KEY (id);


--
-- Name: accounts_account accounts_account_username_key; Type: CONSTRAINT; Schema: public; Owner: akai
--

ALTER TABLE ONLY public.accounts_account
    ADD CONSTRAINT accounts_account_username_key UNIQUE (username);


--
-- Name: accounts_user accounts_user_email_key; Type: CONSTRAINT; Schema: public; Owner: akai
--

ALTER TABLE ONLY public.accounts_user
    ADD CONSTRAINT accounts_user_email_key UNIQUE (email);


--
-- Name: accounts_user_groups accounts_user_groups_pkey; Type: CONSTRAINT; Schema: public; Owner: akai
--

ALTER TABLE ONLY public.accounts_user_groups
    ADD CONSTRAINT accounts_user_groups_pkey PRIMARY KEY (id);


--
-- Name: accounts_user_groups accounts_user_groups_user_id_group_id_59c0b32f_uniq; Type: CONSTRAINT; Schema: public; Owner: akai
--

ALTER TABLE ONLY public.accounts_user_groups
    ADD CONSTRAINT accounts_user_groups_user_id_group_id_59c0b32f_uniq UNIQUE (user_id, group_id);


--
-- Name: accounts_user accounts_user_pkey; Type: CONSTRAINT; Schema: public; Owner: akai
--

ALTER TABLE ONLY public.accounts_user
    ADD CONSTRAINT accounts_user_pkey PRIMARY KEY (id);


--
-- Name: accounts_user_user_permissions accounts_user_user_permi_user_id_permission_id_2ab516c2_uniq; Type: CONSTRAINT; Schema: public; Owner: akai
--

ALTER TABLE ONLY public.accounts_user_user_permissions
    ADD CONSTRAINT accounts_user_user_permi_user_id_permission_id_2ab516c2_uniq UNIQUE (user_id, permission_id);


--
-- Name: accounts_user_user_permissions accounts_user_user_permissions_pkey; Type: CONSTRAINT; Schema: public; Owner: akai
--

ALTER TABLE ONLY public.accounts_user_user_permissions
    ADD CONSTRAINT accounts_user_user_permissions_pkey PRIMARY KEY (id);


--
-- Name: accounts_user accounts_user_username_key; Type: CONSTRAINT; Schema: public; Owner: akai
--

ALTER TABLE ONLY public.accounts_user
    ADD CONSTRAINT accounts_user_username_key UNIQUE (username);


--
-- Name: auth_group auth_group_name_key; Type: CONSTRAINT; Schema: public; Owner: akai
--

ALTER TABLE ONLY public.auth_group
    ADD CONSTRAINT auth_group_name_key UNIQUE (name);


--
-- Name: auth_group_permissions auth_group_permissions_group_id_permission_id_0cd325b0_uniq; Type: CONSTRAINT; Schema: public; Owner: akai
--

ALTER TABLE ONLY public.auth_group_permissions
    ADD CONSTRAINT auth_group_permissions_group_id_permission_id_0cd325b0_uniq UNIQUE (group_id, permission_id);


--
-- Name: auth_group_permissions auth_group_permissions_pkey; Type: CONSTRAINT; Schema: public; Owner: akai
--

ALTER TABLE ONLY public.auth_group_permissions
    ADD CONSTRAINT auth_group_permissions_pkey PRIMARY KEY (id);


--
-- Name: auth_group auth_group_pkey; Type: CONSTRAINT; Schema: public; Owner: akai
--

ALTER TABLE ONLY public.auth_group
    ADD CONSTRAINT auth_group_pkey PRIMARY KEY (id);


--
-- Name: auth_permission auth_permission_content_type_id_codename_01ab375a_uniq; Type: CONSTRAINT; Schema: public; Owner: akai
--

ALTER TABLE ONLY public.auth_permission
    ADD CONSTRAINT auth_permission_content_type_id_codename_01ab375a_uniq UNIQUE (content_type_id, codename);


--
-- Name: auth_permission auth_permission_pkey; Type: CONSTRAINT; Schema: public; Owner: akai
--

ALTER TABLE ONLY public.auth_permission
    ADD CONSTRAINT auth_permission_pkey PRIMARY KEY (id);


--
-- Name: courses_category courses_category_pkey; Type: CONSTRAINT; Schema: public; Owner: akai
--

ALTER TABLE ONLY public.courses_category
    ADD CONSTRAINT courses_category_pkey PRIMARY KEY (id);


--
-- Name: courses_category courses_category_slug_key; Type: CONSTRAINT; Schema: public; Owner: akai
--

ALTER TABLE ONLY public.courses_category
    ADD CONSTRAINT courses_category_slug_key UNIQUE (slug);


--
-- Name: courses_course courses_course_pkey; Type: CONSTRAINT; Schema: public; Owner: akai
--

ALTER TABLE ONLY public.courses_course
    ADD CONSTRAINT courses_course_pkey PRIMARY KEY (slug);


--
-- Name: courses_lesson courses_lesson_pkey; Type: CONSTRAINT; Schema: public; Owner: akai
--

ALTER TABLE ONLY public.courses_lesson
    ADD CONSTRAINT courses_lesson_pkey PRIMARY KEY (id);


--
-- Name: courses_rating courses_rating_pkey; Type: CONSTRAINT; Schema: public; Owner: akai
--

ALTER TABLE ONLY public.courses_rating
    ADD CONSTRAINT courses_rating_pkey PRIMARY KEY (id);


--
-- Name: django_admin_log django_admin_log_pkey; Type: CONSTRAINT; Schema: public; Owner: akai
--

ALTER TABLE ONLY public.django_admin_log
    ADD CONSTRAINT django_admin_log_pkey PRIMARY KEY (id);


--
-- Name: django_content_type django_content_type_app_label_model_76bd3d3b_uniq; Type: CONSTRAINT; Schema: public; Owner: akai
--

ALTER TABLE ONLY public.django_content_type
    ADD CONSTRAINT django_content_type_app_label_model_76bd3d3b_uniq UNIQUE (app_label, model);


--
-- Name: django_content_type django_content_type_pkey; Type: CONSTRAINT; Schema: public; Owner: akai
--

ALTER TABLE ONLY public.django_content_type
    ADD CONSTRAINT django_content_type_pkey PRIMARY KEY (id);


--
-- Name: django_migrations django_migrations_pkey; Type: CONSTRAINT; Schema: public; Owner: akai
--

ALTER TABLE ONLY public.django_migrations
    ADD CONSTRAINT django_migrations_pkey PRIMARY KEY (id);


--
-- Name: django_session django_session_pkey; Type: CONSTRAINT; Schema: public; Owner: akai
--

ALTER TABLE ONLY public.django_session
    ADD CONSTRAINT django_session_pkey PRIMARY KEY (session_key);


--
-- Name: udemy_enroll udemy_enroll_pkey; Type: CONSTRAINT; Schema: public; Owner: akai
--

ALTER TABLE ONLY public.udemy_enroll
    ADD CONSTRAINT udemy_enroll_pkey PRIMARY KEY (id);


--
-- Name: udemy_wishlist udemy_wishlist_pkey; Type: CONSTRAINT; Schema: public; Owner: akai
--

ALTER TABLE ONLY public.udemy_wishlist
    ADD CONSTRAINT udemy_wishlist_pkey PRIMARY KEY (id);


--
-- Name: wishlist wishlist_pkey; Type: CONSTRAINT; Schema: public; Owner: postgres
--

ALTER TABLE ONLY public.wishlist
    ADD CONSTRAINT wishlist_pkey PRIMARY KEY (id);


--
-- Name: account_courses_enroll_course_id_c5f12c19; Type: INDEX; Schema: public; Owner: akai
--

CREATE INDEX account_courses_enroll_course_id_c5f12c19 ON public.account_courses_enroll USING btree (course_id);


--
-- Name: account_courses_enroll_course_id_c5f12c19_like; Type: INDEX; Schema: public; Owner: akai
--

CREATE INDEX account_courses_enroll_course_id_c5f12c19_like ON public.account_courses_enroll USING btree (course_id varchar_pattern_ops);


--
-- Name: account_courses_enroll_user_id_620f8c3b; Type: INDEX; Schema: public; Owner: akai
--

CREATE INDEX account_courses_enroll_user_id_620f8c3b ON public.account_courses_enroll USING btree (user_id);


--
-- Name: account_courses_wishlist_course_id_3fce69d1; Type: INDEX; Schema: public; Owner: akai
--

CREATE INDEX account_courses_wishlist_course_id_3fce69d1 ON public.account_courses_wishlist USING btree (course_id);


--
-- Name: account_courses_wishlist_course_id_3fce69d1_like; Type: INDEX; Schema: public; Owner: akai
--

CREATE INDEX account_courses_wishlist_course_id_3fce69d1_like ON public.account_courses_wishlist USING btree (course_id varchar_pattern_ops);


--
-- Name: account_courses_wishlist_user_id_f2fe2e51; Type: INDEX; Schema: public; Owner: akai
--

CREATE INDEX account_courses_wishlist_user_id_f2fe2e51 ON public.account_courses_wishlist USING btree (user_id);


--
-- Name: accounts_account_email_348850e2_like; Type: INDEX; Schema: public; Owner: akai
--

CREATE INDEX accounts_account_email_348850e2_like ON public.accounts_account USING btree (email varchar_pattern_ops);


--
-- Name: accounts_account_username_b5f69a28_like; Type: INDEX; Schema: public; Owner: akai
--

CREATE INDEX accounts_account_username_b5f69a28_like ON public.accounts_account USING btree (username varchar_pattern_ops);


--
-- Name: accounts_user_email_b2644a56_like; Type: INDEX; Schema: public; Owner: akai
--

CREATE INDEX accounts_user_email_b2644a56_like ON public.accounts_user USING btree (email varchar_pattern_ops);


--
-- Name: accounts_user_groups_group_id_bd11a704; Type: INDEX; Schema: public; Owner: akai
--

CREATE INDEX accounts_user_groups_group_id_bd11a704 ON public.accounts_user_groups USING btree (group_id);


--
-- Name: accounts_user_groups_user_id_52b62117; Type: INDEX; Schema: public; Owner: akai
--

CREATE INDEX accounts_user_groups_user_id_52b62117 ON public.accounts_user_groups USING btree (user_id);


--
-- Name: accounts_user_user_permissions_permission_id_113bb443; Type: INDEX; Schema: public; Owner: akai
--

CREATE INDEX accounts_user_user_permissions_permission_id_113bb443 ON public.accounts_user_user_permissions USING btree (permission_id);


--
-- Name: accounts_user_user_permissions_user_id_e4f0a161; Type: INDEX; Schema: public; Owner: akai
--

CREATE INDEX accounts_user_user_permissions_user_id_e4f0a161 ON public.accounts_user_user_permissions USING btree (user_id);


--
-- Name: accounts_user_username_6088629e_like; Type: INDEX; Schema: public; Owner: akai
--

CREATE INDEX accounts_user_username_6088629e_like ON public.accounts_user USING btree (username varchar_pattern_ops);


--
-- Name: auth_group_name_a6ea08ec_like; Type: INDEX; Schema: public; Owner: akai
--

CREATE INDEX auth_group_name_a6ea08ec_like ON public.auth_group USING btree (name varchar_pattern_ops);


--
-- Name: auth_group_permissions_group_id_b120cbf9; Type: INDEX; Schema: public; Owner: akai
--

CREATE INDEX auth_group_permissions_group_id_b120cbf9 ON public.auth_group_permissions USING btree (group_id);


--
-- Name: auth_group_permissions_permission_id_84c5c92e; Type: INDEX; Schema: public; Owner: akai
--

CREATE INDEX auth_group_permissions_permission_id_84c5c92e ON public.auth_group_permissions USING btree (permission_id);


--
-- Name: auth_permission_content_type_id_2f476e4b; Type: INDEX; Schema: public; Owner: akai
--

CREATE INDEX auth_permission_content_type_id_2f476e4b ON public.auth_permission USING btree (content_type_id);


--
-- Name: courses_category_slug_33267d74_like; Type: INDEX; Schema: public; Owner: akai
--

CREATE INDEX courses_category_slug_33267d74_like ON public.courses_category USING btree (slug varchar_pattern_ops);


--
-- Name: courses_course_category_id_d64b93bf; Type: INDEX; Schema: public; Owner: akai
--

CREATE INDEX courses_course_category_id_d64b93bf ON public.courses_course USING btree (category_id);


--
-- Name: courses_course_slug_9c670f14_like; Type: INDEX; Schema: public; Owner: akai
--

CREATE INDEX courses_course_slug_9c670f14_like ON public.courses_course USING btree (slug varchar_pattern_ops);


--
-- Name: courses_course_user_id_8a39a2bb; Type: INDEX; Schema: public; Owner: akai
--

CREATE INDEX courses_course_user_id_8a39a2bb ON public.courses_course USING btree (user_id);


--
-- Name: courses_lesson_course_id_16bc4882; Type: INDEX; Schema: public; Owner: akai
--

CREATE INDEX courses_lesson_course_id_16bc4882 ON public.courses_lesson USING btree (course_id);


--
-- Name: courses_lesson_course_id_16bc4882_like; Type: INDEX; Schema: public; Owner: akai
--

CREATE INDEX courses_lesson_course_id_16bc4882_like ON public.courses_lesson USING btree (course_id varchar_pattern_ops);


--
-- Name: courses_rating_course_slug_cfce2568; Type: INDEX; Schema: public; Owner: akai
--

CREATE INDEX courses_rating_course_slug_cfce2568 ON public.courses_rating USING btree (course_slug);


--
-- Name: courses_rating_course_slug_cfce2568_like; Type: INDEX; Schema: public; Owner: akai
--

CREATE INDEX courses_rating_course_slug_cfce2568_like ON public.courses_rating USING btree (course_slug varchar_pattern_ops);


--
-- Name: courses_rating_user_id_1bfb10a7; Type: INDEX; Schema: public; Owner: akai
--

CREATE INDEX courses_rating_user_id_1bfb10a7 ON public.courses_rating USING btree (user_id);


--
-- Name: django_admin_log_content_type_id_c4bce8eb; Type: INDEX; Schema: public; Owner: akai
--

CREATE INDEX django_admin_log_content_type_id_c4bce8eb ON public.django_admin_log USING btree (content_type_id);


--
-- Name: django_admin_log_user_id_c564eba6; Type: INDEX; Schema: public; Owner: akai
--

CREATE INDEX django_admin_log_user_id_c564eba6 ON public.django_admin_log USING btree (user_id);


--
-- Name: django_session_expire_date_a5c62663; Type: INDEX; Schema: public; Owner: akai
--

CREATE INDEX django_session_expire_date_a5c62663 ON public.django_session USING btree (expire_date);


--
-- Name: django_session_session_key_c0390e0f_like; Type: INDEX; Schema: public; Owner: akai
--

CREATE INDEX django_session_session_key_c0390e0f_like ON public.django_session USING btree (session_key varchar_pattern_ops);


--
-- Name: udemy_enroll_course_id_32896681; Type: INDEX; Schema: public; Owner: akai
--

CREATE INDEX udemy_enroll_course_id_32896681 ON public.udemy_enroll USING btree (course_id);


--
-- Name: udemy_enroll_course_id_32896681_like; Type: INDEX; Schema: public; Owner: akai
--

CREATE INDEX udemy_enroll_course_id_32896681_like ON public.udemy_enroll USING btree (course_id varchar_pattern_ops);


--
-- Name: udemy_enroll_user_id_255c6aec; Type: INDEX; Schema: public; Owner: akai
--

CREATE INDEX udemy_enroll_user_id_255c6aec ON public.udemy_enroll USING btree (user_id);


--
-- Name: udemy_wishlist_course_id_9fe759a3; Type: INDEX; Schema: public; Owner: akai
--

CREATE INDEX udemy_wishlist_course_id_9fe759a3 ON public.udemy_wishlist USING btree (course_id);


--
-- Name: udemy_wishlist_course_id_9fe759a3_like; Type: INDEX; Schema: public; Owner: akai
--

CREATE INDEX udemy_wishlist_course_id_9fe759a3_like ON public.udemy_wishlist USING btree (course_id varchar_pattern_ops);


--
-- Name: udemy_wishlist_user_id_90a35601; Type: INDEX; Schema: public; Owner: akai
--

CREATE INDEX udemy_wishlist_user_id_90a35601 ON public.udemy_wishlist USING btree (user_id);


--
-- Name: account_courses_enroll account_courses_enro_course_id_c5f12c19_fk_courses_c; Type: FK CONSTRAINT; Schema: public; Owner: akai
--

ALTER TABLE ONLY public.account_courses_enroll
    ADD CONSTRAINT account_courses_enro_course_id_c5f12c19_fk_courses_c FOREIGN KEY (course_id) REFERENCES public.courses_course(slug) DEFERRABLE INITIALLY DEFERRED;


--
-- Name: account_courses_enroll account_courses_enroll_user_id_620f8c3b_fk_accounts_account_id; Type: FK CONSTRAINT; Schema: public; Owner: akai
--

ALTER TABLE ONLY public.account_courses_enroll
    ADD CONSTRAINT account_courses_enroll_user_id_620f8c3b_fk_accounts_account_id FOREIGN KEY (user_id) REFERENCES public.accounts_account(id) DEFERRABLE INITIALLY DEFERRED;


--
-- Name: account_courses_wishlist account_courses_wish_course_id_3fce69d1_fk_courses_c; Type: FK CONSTRAINT; Schema: public; Owner: akai
--

ALTER TABLE ONLY public.account_courses_wishlist
    ADD CONSTRAINT account_courses_wish_course_id_3fce69d1_fk_courses_c FOREIGN KEY (course_id) REFERENCES public.courses_course(slug) DEFERRABLE INITIALLY DEFERRED;


--
-- Name: account_courses_wishlist account_courses_wish_user_id_f2fe2e51_fk_accounts_; Type: FK CONSTRAINT; Schema: public; Owner: akai
--

ALTER TABLE ONLY public.account_courses_wishlist
    ADD CONSTRAINT account_courses_wish_user_id_f2fe2e51_fk_accounts_ FOREIGN KEY (user_id) REFERENCES public.accounts_account(id) DEFERRABLE INITIALLY DEFERRED;


--
-- Name: accounts_user_groups accounts_user_groups_group_id_bd11a704_fk_auth_group_id; Type: FK CONSTRAINT; Schema: public; Owner: akai
--

ALTER TABLE ONLY public.accounts_user_groups
    ADD CONSTRAINT accounts_user_groups_group_id_bd11a704_fk_auth_group_id FOREIGN KEY (group_id) REFERENCES public.auth_group(id) DEFERRABLE INITIALLY DEFERRED;


--
-- Name: accounts_user_groups accounts_user_groups_user_id_52b62117_fk_accounts_user_id; Type: FK CONSTRAINT; Schema: public; Owner: akai
--

ALTER TABLE ONLY public.accounts_user_groups
    ADD CONSTRAINT accounts_user_groups_user_id_52b62117_fk_accounts_user_id FOREIGN KEY (user_id) REFERENCES public.accounts_user(id) DEFERRABLE INITIALLY DEFERRED;


--
-- Name: accounts_user_user_permissions accounts_user_user_p_permission_id_113bb443_fk_auth_perm; Type: FK CONSTRAINT; Schema: public; Owner: akai
--

ALTER TABLE ONLY public.accounts_user_user_permissions
    ADD CONSTRAINT accounts_user_user_p_permission_id_113bb443_fk_auth_perm FOREIGN KEY (permission_id) REFERENCES public.auth_permission(id) DEFERRABLE INITIALLY DEFERRED;


--
-- Name: accounts_user_user_permissions accounts_user_user_p_user_id_e4f0a161_fk_accounts_; Type: FK CONSTRAINT; Schema: public; Owner: akai
--

ALTER TABLE ONLY public.accounts_user_user_permissions
    ADD CONSTRAINT accounts_user_user_p_user_id_e4f0a161_fk_accounts_ FOREIGN KEY (user_id) REFERENCES public.accounts_user(id) DEFERRABLE INITIALLY DEFERRED;


--
-- Name: auth_group_permissions auth_group_permissio_permission_id_84c5c92e_fk_auth_perm; Type: FK CONSTRAINT; Schema: public; Owner: akai
--

ALTER TABLE ONLY public.auth_group_permissions
    ADD CONSTRAINT auth_group_permissio_permission_id_84c5c92e_fk_auth_perm FOREIGN KEY (permission_id) REFERENCES public.auth_permission(id) DEFERRABLE INITIALLY DEFERRED;


--
-- Name: auth_group_permissions auth_group_permissions_group_id_b120cbf9_fk_auth_group_id; Type: FK CONSTRAINT; Schema: public; Owner: akai
--

ALTER TABLE ONLY public.auth_group_permissions
    ADD CONSTRAINT auth_group_permissions_group_id_b120cbf9_fk_auth_group_id FOREIGN KEY (group_id) REFERENCES public.auth_group(id) DEFERRABLE INITIALLY DEFERRED;


--
-- Name: auth_permission auth_permission_content_type_id_2f476e4b_fk_django_co; Type: FK CONSTRAINT; Schema: public; Owner: akai
--

ALTER TABLE ONLY public.auth_permission
    ADD CONSTRAINT auth_permission_content_type_id_2f476e4b_fk_django_co FOREIGN KEY (content_type_id) REFERENCES public.django_content_type(id) DEFERRABLE INITIALLY DEFERRED;


--
-- Name: courses_course courses_course_category_id_d64b93bf_fk_courses_category_id; Type: FK CONSTRAINT; Schema: public; Owner: akai
--

ALTER TABLE ONLY public.courses_course
    ADD CONSTRAINT courses_course_category_id_d64b93bf_fk_courses_category_id FOREIGN KEY (category_id) REFERENCES public.courses_category(id) DEFERRABLE INITIALLY DEFERRED;


--
-- Name: courses_course courses_course_user_id_8a39a2bb_fk_accounts_account_id; Type: FK CONSTRAINT; Schema: public; Owner: akai
--

ALTER TABLE ONLY public.courses_course
    ADD CONSTRAINT courses_course_user_id_8a39a2bb_fk_accounts_account_id FOREIGN KEY (user_id) REFERENCES public.accounts_account(id) DEFERRABLE INITIALLY DEFERRED;


--
-- Name: courses_course courses_course_user_id_8a39a2bb_fk_accounts_user_id; Type: FK CONSTRAINT; Schema: public; Owner: akai
--

ALTER TABLE ONLY public.courses_course
    ADD CONSTRAINT courses_course_user_id_8a39a2bb_fk_accounts_user_id FOREIGN KEY (user_id) REFERENCES public.accounts_user(id) DEFERRABLE INITIALLY DEFERRED;


--
-- Name: courses_lesson courses_lesson_course_id_16bc4882_fk_courses_course_slug; Type: FK CONSTRAINT; Schema: public; Owner: akai
--

ALTER TABLE ONLY public.courses_lesson
    ADD CONSTRAINT courses_lesson_course_id_16bc4882_fk_courses_course_slug FOREIGN KEY (course_id) REFERENCES public.courses_course(slug) DEFERRABLE INITIALLY DEFERRED;


--
-- Name: courses_rating courses_rating_user_id_1bfb10a7_fk_accounts_account_id; Type: FK CONSTRAINT; Schema: public; Owner: akai
--

ALTER TABLE ONLY public.courses_rating
    ADD CONSTRAINT courses_rating_user_id_1bfb10a7_fk_accounts_account_id FOREIGN KEY (user_id) REFERENCES public.accounts_account(id) DEFERRABLE INITIALLY DEFERRED;


--
-- Name: courses_rating courses_rating_user_id_1bfb10a7_fk_accounts_user_id; Type: FK CONSTRAINT; Schema: public; Owner: akai
--

ALTER TABLE ONLY public.courses_rating
    ADD CONSTRAINT courses_rating_user_id_1bfb10a7_fk_accounts_user_id FOREIGN KEY (user_id) REFERENCES public.accounts_user(id) DEFERRABLE INITIALLY DEFERRED;


--
-- Name: django_admin_log django_admin_log_content_type_id_c4bce8eb_fk_django_co; Type: FK CONSTRAINT; Schema: public; Owner: akai
--

ALTER TABLE ONLY public.django_admin_log
    ADD CONSTRAINT django_admin_log_content_type_id_c4bce8eb_fk_django_co FOREIGN KEY (content_type_id) REFERENCES public.django_content_type(id) DEFERRABLE INITIALLY DEFERRED;


--
-- Name: django_admin_log django_admin_log_user_id_c564eba6_fk_accounts_account_id; Type: FK CONSTRAINT; Schema: public; Owner: akai
--

ALTER TABLE ONLY public.django_admin_log
    ADD CONSTRAINT django_admin_log_user_id_c564eba6_fk_accounts_account_id FOREIGN KEY (user_id) REFERENCES public.accounts_account(id) DEFERRABLE INITIALLY DEFERRED;


--
-- Name: django_admin_log django_admin_log_user_id_c564eba6_fk_accounts_user_id; Type: FK CONSTRAINT; Schema: public; Owner: akai
--

ALTER TABLE ONLY public.django_admin_log
    ADD CONSTRAINT django_admin_log_user_id_c564eba6_fk_accounts_user_id FOREIGN KEY (user_id) REFERENCES public.accounts_user(id) DEFERRABLE INITIALLY DEFERRED;


--
-- Name: udemy_enroll udemy_enroll_user_id_255c6aec_fk_accounts_user_id; Type: FK CONSTRAINT; Schema: public; Owner: akai
--

ALTER TABLE ONLY public.udemy_enroll
    ADD CONSTRAINT udemy_enroll_user_id_255c6aec_fk_accounts_user_id FOREIGN KEY (user_id) REFERENCES public.accounts_user(id) DEFERRABLE INITIALLY DEFERRED;


--
-- Name: udemy_wishlist udemy_wishlist_user_id_90a35601_fk_accounts_user_id; Type: FK CONSTRAINT; Schema: public; Owner: akai
--

ALTER TABLE ONLY public.udemy_wishlist
    ADD CONSTRAINT udemy_wishlist_user_id_90a35601_fk_accounts_user_id FOREIGN KEY (user_id) REFERENCES public.accounts_user(id) DEFERRABLE INITIALLY DEFERRED;


--
-- Name: wishlist wishlist_course_id_fkey; Type: FK CONSTRAINT; Schema: public; Owner: postgres
--

ALTER TABLE ONLY public.wishlist
    ADD CONSTRAINT wishlist_course_id_fkey FOREIGN KEY (course_id) REFERENCES public.courses_course(slug) DEFERRABLE INITIALLY DEFERRED;


--
-- Name: wishlist wishlist_user_id_fkey; Type: FK CONSTRAINT; Schema: public; Owner: postgres
--

ALTER TABLE ONLY public.wishlist
    ADD CONSTRAINT wishlist_user_id_fkey FOREIGN KEY (user_id) REFERENCES public.accounts_user(id) DEFERRABLE INITIALLY DEFERRED;


--
-- PostgreSQL database dump complete
--

