--
-- PostgreSQL database dump
--

-- Dumped from database version 14.10 (Ubuntu 14.10-0ubuntu0.22.04.1)
-- Dumped by pg_dump version 14.10 (Ubuntu 14.10-0ubuntu0.22.04.1)

SET statement_timeout = 0;
SET lock_timeout = 0;
SET idle_in_transaction_session_timeout = 0;
SET client_encoding = 'UTF8';
SET standard_conforming_strings = on;
SELECT pg_catalog.set_config('search_path', '', false);
SET check_function_bodies = false;
SET xmloption = content;
SET client_min_messages = warning;
SET row_security = off;

SET default_tablespace = '';

SET default_table_access_method = heap;

--
-- Name: accounts_user; Type: TABLE; Schema: public; Owner: akai
--

CREATE TABLE public.accounts_user (
    id integer NOT NULL,
    password character varying(128) NOT NULL,
    last_login timestamp with time zone,
    is_superuser boolean NOT NULL,
    username character varying(150) NOT NULL,
    first_name character varying(150) NOT NULL,
    last_name character varying(150) NOT NULL,
    is_staff boolean NOT NULL,
    is_active boolean NOT NULL,
    date_joined timestamp with time zone NOT NULL,
    email character varying(254) NOT NULL,
    avt_url character varying(100) NOT NULL
);


ALTER TABLE public.accounts_user OWNER TO akai;

--
-- Name: accounts_user_groups; Type: TABLE; Schema: public; Owner: akai
--

CREATE TABLE public.accounts_user_groups (
    id integer NOT NULL,
    user_id integer NOT NULL,
    group_id integer NOT NULL
);


ALTER TABLE public.accounts_user_groups OWNER TO akai;

--
-- Name: accounts_user_groups_id_seq; Type: SEQUENCE; Schema: public; Owner: akai
--

ALTER TABLE public.accounts_user_groups ALTER COLUMN id ADD GENERATED BY DEFAULT AS IDENTITY (
    SEQUENCE NAME public.accounts_user_groups_id_seq
    START WITH 1
    INCREMENT BY 1
    NO MINVALUE
    NO MAXVALUE
    CACHE 1
);


--
-- Name: accounts_user_id_seq; Type: SEQUENCE; Schema: public; Owner: akai
--

ALTER TABLE public.accounts_user ALTER COLUMN id ADD GENERATED BY DEFAULT AS IDENTITY (
    SEQUENCE NAME public.accounts_user_id_seq
    START WITH 1
    INCREMENT BY 1
    NO MINVALUE
    NO MAXVALUE
    CACHE 1
);


--
-- Name: accounts_user_user_permissions; Type: TABLE; Schema: public; Owner: akai
--

CREATE TABLE public.accounts_user_user_permissions (
    id integer NOT NULL,
    user_id integer NOT NULL,
    permission_id integer NOT NULL
);


ALTER TABLE public.accounts_user_user_permissions OWNER TO akai;

--
-- Name: accounts_user_user_permissions_id_seq; Type: SEQUENCE; Schema: public; Owner: akai
--

ALTER TABLE public.accounts_user_user_permissions ALTER COLUMN id ADD GENERATED BY DEFAULT AS IDENTITY (
    SEQUENCE NAME public.accounts_user_user_permissions_id_seq
    START WITH 1
    INCREMENT BY 1
    NO MINVALUE
    NO MAXVALUE
    CACHE 1
);


--
-- Name: auth_group; Type: TABLE; Schema: public; Owner: akai
--

CREATE TABLE public.auth_group (
    id integer NOT NULL,
    name character varying(150) NOT NULL
);


ALTER TABLE public.auth_group OWNER TO akai;

--
-- Name: auth_group_id_seq; Type: SEQUENCE; Schema: public; Owner: akai
--

ALTER TABLE public.auth_group ALTER COLUMN id ADD GENERATED BY DEFAULT AS IDENTITY (
    SEQUENCE NAME public.auth_group_id_seq
    START WITH 1
    INCREMENT BY 1
    NO MINVALUE
    NO MAXVALUE
    CACHE 1
);


--
-- Name: auth_group_permissions; Type: TABLE; Schema: public; Owner: akai
--

CREATE TABLE public.auth_group_permissions (
    id integer NOT NULL,
    group_id integer NOT NULL,
    permission_id integer NOT NULL
);


ALTER TABLE public.auth_group_permissions OWNER TO akai;

--
-- Name: auth_group_permissions_id_seq; Type: SEQUENCE; Schema: public; Owner: akai
--

ALTER TABLE public.auth_group_permissions ALTER COLUMN id ADD GENERATED BY DEFAULT AS IDENTITY (
    SEQUENCE NAME public.auth_group_permissions_id_seq
    START WITH 1
    INCREMENT BY 1
    NO MINVALUE
    NO MAXVALUE
    CACHE 1
);


--
-- Name: auth_permission; Type: TABLE; Schema: public; Owner: akai
--

CREATE TABLE public.auth_permission (
    id integer NOT NULL,
    name character varying(255) NOT NULL,
    content_type_id integer NOT NULL,
    codename character varying(100) NOT NULL
);


ALTER TABLE public.auth_permission OWNER TO akai;

--
-- Name: auth_permission_id_seq; Type: SEQUENCE; Schema: public; Owner: akai
--

ALTER TABLE public.auth_permission ALTER COLUMN id ADD GENERATED BY DEFAULT AS IDENTITY (
    SEQUENCE NAME public.auth_permission_id_seq
    START WITH 1
    INCREMENT BY 1
    NO MINVALUE
    NO MAXVALUE
    CACHE 1
);


--
-- Name: courses_category; Type: TABLE; Schema: public; Owner: akai
--

CREATE TABLE public.courses_category (
    id integer NOT NULL,
    title character varying(50) NOT NULL,
    slug character varying(200) NOT NULL
);


ALTER TABLE public.courses_category OWNER TO akai;

--
-- Name: courses_category_id_seq; Type: SEQUENCE; Schema: public; Owner: akai
--

ALTER TABLE public.courses_category ALTER COLUMN id ADD GENERATED BY DEFAULT AS IDENTITY (
    SEQUENCE NAME public.courses_category_id_seq
    START WITH 1
    INCREMENT BY 1
    NO MINVALUE
    NO MAXVALUE
    CACHE 1
);


--
-- Name: courses_course; Type: TABLE; Schema: public; Owner: akai
--

CREATE TABLE public.courses_course (
    title character varying(200) NOT NULL,
    slug character varying(200) NOT NULL,
    short_description text NOT NULL,
    description text NOT NULL,
    outcome character varying(200) NOT NULL,
    requirements character varying(200) NOT NULL,
    language character varying(200) NOT NULL,
    price double precision NOT NULL,
    level character varying(20) NOT NULL,
    thumbnail character varying(100) NOT NULL,
    video_url character varying(100) NOT NULL,
    is_published boolean NOT NULL,
    category_id integer,
    user_id integer NOT NULL,
    created_at timestamp with time zone NOT NULL,
    updated_at timestamp with time zone NOT NULL,
    rating double precision NOT NULL
);


ALTER TABLE public.courses_course OWNER TO akai;

--
-- Name: courses_lesson; Type: TABLE; Schema: public; Owner: akai
--

CREATE TABLE public.courses_lesson (
    id integer NOT NULL,
    title character varying(100) NOT NULL,
    duration double precision NOT NULL,
    video_url character varying(100) NOT NULL,
    created_at timestamp with time zone NOT NULL,
    updated_at timestamp with time zone NOT NULL,
    course_id character varying(200) NOT NULL
);


ALTER TABLE public.courses_lesson OWNER TO akai;

--
-- Name: courses_lesson_id_seq; Type: SEQUENCE; Schema: public; Owner: akai
--

ALTER TABLE public.courses_lesson ALTER COLUMN id ADD GENERATED BY DEFAULT AS IDENTITY (
    SEQUENCE NAME public.courses_lesson_id_seq
    START WITH 1
    INCREMENT BY 1
    NO MINVALUE
    NO MAXVALUE
    CACHE 1
);


--
-- Name: courses_rating; Type: TABLE; Schema: public; Owner: akai
--

CREATE TABLE public.courses_rating (
    id integer NOT NULL,
    course_slug character varying(50) NOT NULL,
    rating integer NOT NULL,
    comment text NOT NULL,
    "timestamp" timestamp with time zone NOT NULL,
    user_id integer NOT NULL,
    CONSTRAINT courses_rating_rating_check CHECK ((rating >= 0))
);


ALTER TABLE public.courses_rating OWNER TO akai;

--
-- Name: courses_rating_id_seq; Type: SEQUENCE; Schema: public; Owner: akai
--

ALTER TABLE public.courses_rating ALTER COLUMN id ADD GENERATED BY DEFAULT AS IDENTITY (
    SEQUENCE NAME public.courses_rating_id_seq
    START WITH 1
    INCREMENT BY 1
    NO MINVALUE
    NO MAXVALUE
    CACHE 1
);


--
-- Name: django_admin_log; Type: TABLE; Schema: public; Owner: akai
--

CREATE TABLE public.django_admin_log (
    id integer NOT NULL,
    action_time timestamp with time zone NOT NULL,
    object_id text,
    object_repr character varying(200) NOT NULL,
    action_flag smallint NOT NULL,
    change_message text NOT NULL,
    content_type_id integer,
    user_id integer NOT NULL,
    CONSTRAINT django_admin_log_action_flag_check CHECK ((action_flag >= 0))
);


ALTER TABLE public.django_admin_log OWNER TO akai;

--
-- Name: django_admin_log_id_seq; Type: SEQUENCE; Schema: public; Owner: akai
--

ALTER TABLE public.django_admin_log ALTER COLUMN id ADD GENERATED BY DEFAULT AS IDENTITY (
    SEQUENCE NAME public.django_admin_log_id_seq
    START WITH 1
    INCREMENT BY 1
    NO MINVALUE
    NO MAXVALUE
    CACHE 1
);


--
-- Name: django_content_type; Type: TABLE; Schema: public; Owner: akai
--

CREATE TABLE public.django_content_type (
    id integer NOT NULL,
    app_label character varying(100) NOT NULL,
    model character varying(100) NOT NULL
);


ALTER TABLE public.django_content_type OWNER TO akai;

--
-- Name: django_content_type_id_seq; Type: SEQUENCE; Schema: public; Owner: akai
--

ALTER TABLE public.django_content_type ALTER COLUMN id ADD GENERATED BY DEFAULT AS IDENTITY (
    SEQUENCE NAME public.django_content_type_id_seq
    START WITH 1
    INCREMENT BY 1
    NO MINVALUE
    NO MAXVALUE
    CACHE 1
);


--
-- Name: django_migrations; Type: TABLE; Schema: public; Owner: akai
--

CREATE TABLE public.django_migrations (
    id integer NOT NULL,
    app character varying(255) NOT NULL,
    name character varying(255) NOT NULL,
    applied timestamp with time zone NOT NULL
);


ALTER TABLE public.django_migrations OWNER TO akai;

--
-- Name: django_migrations_id_seq; Type: SEQUENCE; Schema: public; Owner: akai
--

ALTER TABLE public.django_migrations ALTER COLUMN id ADD GENERATED BY DEFAULT AS IDENTITY (
    SEQUENCE NAME public.django_migrations_id_seq
    START WITH 1
    INCREMENT BY 1
    NO MINVALUE
    NO MAXVALUE
    CACHE 1
);


--
-- Name: django_session; Type: TABLE; Schema: public; Owner: akai
--

CREATE TABLE public.django_session (
    session_key character varying(40) NOT NULL,
    session_data text NOT NULL,
    expire_date timestamp with time zone NOT NULL
);


ALTER TABLE public.django_session OWNER TO akai;

--
-- Name: udemy_enroll; Type: TABLE; Schema: public; Owner: akai
--

CREATE TABLE public.udemy_enroll (
    id integer NOT NULL,
    created_at timestamp with time zone NOT NULL,
    updated_at timestamp with time zone NOT NULL,
    course_id character varying(200) NOT NULL,
    user_id integer NOT NULL
);


ALTER TABLE public.udemy_enroll OWNER TO akai;

--
-- Name: udemy_enroll_id_seq; Type: SEQUENCE; Schema: public; Owner: akai
--

ALTER TABLE public.udemy_enroll ALTER COLUMN id ADD GENERATED BY DEFAULT AS IDENTITY (
    SEQUENCE NAME public.udemy_enroll_id_seq
    START WITH 1
    INCREMENT BY 1
    NO MINVALUE
    NO MAXVALUE
    CACHE 1
);


--
-- Name: udemy_wishlist; Type: TABLE; Schema: public; Owner: akai
--

CREATE TABLE public.udemy_wishlist (
    id integer NOT NULL,
    created_at timestamp with time zone NOT NULL,
    updated_at timestamp with time zone NOT NULL,
    course_id character varying(200) NOT NULL,
    user_id integer NOT NULL
);


ALTER TABLE public.udemy_wishlist OWNER TO akai;

--
-- Name: udemy_wishlist_id_seq; Type: SEQUENCE; Schema: public; Owner: akai
--

ALTER TABLE public.udemy_wishlist ALTER COLUMN id ADD GENERATED BY DEFAULT AS IDENTITY (
    SEQUENCE NAME public.udemy_wishlist_id_seq
    START WITH 1
    INCREMENT BY 1
    NO MINVALUE
    NO MAXVALUE
    CACHE 1
);


--
-- Name: wishlist; Type: TABLE; Schema: public; Owner: postgres
--

CREATE TABLE public.wishlist (
    id integer NOT NULL,
    created_at timestamp without time zone NOT NULL,
    updated_at timestamp without time zone NOT NULL,
    user_id integer NOT NULL,
    course_id character varying(200) NOT NULL,
    thumbnail character varying(100) NOT NULL
);


ALTER TABLE public.wishlist OWNER TO postgres;

--
-- Name: wishlist_id_seq; Type: SEQUENCE; Schema: public; Owner: postgres
--

CREATE SEQUENCE public.wishlist_id_seq
    AS integer
    START WITH 1
    INCREMENT BY 1
    NO MINVALUE
    NO MAXVALUE
    CACHE 1;


ALTER TABLE public.wishlist_id_seq OWNER TO postgres;

--
-- Name: wishlist_id_seq; Type: SEQUENCE OWNED BY; Schema: public; Owner: postgres
--

ALTER SEQUENCE public.wishlist_id_seq OWNED BY public.wishlist.id;


--
-- Name: wishlist id; Type: DEFAULT; Schema: public; Owner: postgres
--

ALTER TABLE ONLY public.wishlist ALTER COLUMN id SET DEFAULT nextval('public.wishlist_id_seq'::regclass);


--
-- Data for Name: accounts_user; Type: TABLE DATA; Schema: public; Owner: akai
--

COPY public.accounts_user (id, password, last_login, is_superuser, username, first_name, last_name, is_staff, is_active, date_joined, email, avt_url) FROM stdin;
1	hashed_password	2023-11-21 12:30:00+07	t	example_user	John	Doe	t	t	2023-11-21 12:00:00+07	john.doe@example.com	images/avatar.png
4	pbkdf2_sha256$600000$LZKgLxSn3kpAbvxfATwcSd$SwRPKR9SOpS94Qy/IcEoIRZY5j5SGnkDBckVFhbJEEg=	2023-12-08 12:38:35.771399+07	t		Akaida	Admind	t	t	2019-04-19 19:26:27.376043+07	admin@admin.com	images/bg.jpg
5	pbkdf2_sha256$600000$ymvGyzi2S3HEfGLFsomoEk$I2crnv5JlHQf1xkcSxHA2DorU1u1p6EEX50/wN1Acxk=	2023-12-08 13:18:38.820469+07	f	akabane	Sang	Ngo	f	t	2023-11-22 19:11:43.60843+07	akabane@gmail.com	images/avatar.png
\.


--
-- Data for Name: accounts_user_groups; Type: TABLE DATA; Schema: public; Owner: akai
--

COPY public.accounts_user_groups (id, user_id, group_id) FROM stdin;
\.


--
-- Data for Name: accounts_user_user_permissions; Type: TABLE DATA; Schema: public; Owner: akai
--

COPY public.accounts_user_user_permissions (id, user_id, permission_id) FROM stdin;
\.


--
-- Data for Name: auth_group; Type: TABLE DATA; Schema: public; Owner: akai
--

COPY public.auth_group (id, name) FROM stdin;
\.


--
-- Data for Name: auth_group_permissions; Type: TABLE DATA; Schema: public; Owner: akai
--

COPY public.auth_group_permissions (id, group_id, permission_id) FROM stdin;
\.


--
-- Data for Name: auth_permission; Type: TABLE DATA; Schema: public; Owner: akai
--

COPY public.auth_permission (id, name, content_type_id, codename) FROM stdin;
1	Can add log entry	1	add_logentry
2	Can change log entry	1	change_logentry
3	Can delete log entry	1	delete_logentry
4	Can view log entry	1	view_logentry
5	Can add permission	2	add_permission
6	Can change permission	2	change_permission
7	Can delete permission	2	delete_permission
8	Can view permission	2	view_permission
9	Can add group	3	add_group
10	Can change group	3	change_group
11	Can delete group	3	delete_group
12	Can view group	3	view_group
13	Can add content type	4	add_contenttype
14	Can change content type	4	change_contenttype
15	Can delete content type	4	delete_contenttype
16	Can view content type	4	view_contenttype
17	Can add session	5	add_session
18	Can change session	5	change_session
19	Can delete session	5	delete_session
20	Can view session	5	view_session
21	Can add user	6	add_user
22	Can change user	6	change_user
23	Can delete user	6	delete_user
24	Can view user	6	view_user
25	Can add enroll	7	add_enroll
26	Can change enroll	7	change_enroll
27	Can delete enroll	7	delete_enroll
28	Can view enroll	7	view_enroll
29	Can add category	8	add_category
30	Can change category	8	change_category
31	Can delete category	8	delete_category
32	Can view category	8	view_category
33	Can add course	9	add_course
34	Can change course	9	change_course
35	Can delete course	9	delete_course
36	Can view course	9	view_course
37	Can add lesson	10	add_lesson
38	Can change lesson	10	change_lesson
39	Can delete lesson	10	delete_lesson
40	Can view lesson	10	view_lesson
41	Can add wishlist	11	add_wishlist
42	Can change wishlist	11	change_wishlist
43	Can delete wishlist	11	delete_wishlist
44	Can view wishlist	11	view_wishlist
45	Can add rating	12	add_rating
46	Can change rating	12	change_rating
47	Can delete rating	12	delete_rating
48	Can view rating	12	view_rating
\.


--
-- Data for Name: courses_category; Type: TABLE DATA; Schema: public; Owner: akai
--

COPY public.courses_category (id, title, slug) FROM stdin;
1	Data Science	data-science
2	Web Development	web-development
3	Programming Languages	programming-languages
4	Mobile Development	mobile-development
6	Software Testing	software-testing
7	Database	database
5	Software Engineering	software-engineering
\.


--
-- Data for Name: courses_course; Type: TABLE DATA; Schema: public; Owner: akai
--

COPY public.courses_course (title, slug, short_description, description, outcome, requirements, language, price, level, thumbnail, video_url, is_published, category_id, user_id, created_at, updated_at, rating) FROM stdin;
Java Development for Beginners	java-development-for-beginners	Get started with Java programming.	This course is designed for beginners who want to learn Java development from scratch.	No prior programming experience required.	None	English	29.99	Beginner	thumbnails/java-thumbnail_foTYHkg.jpg	java-video-url.mp4	t	1	4	2023-01-02 12:00:00+07	2023-01-02 12:00:00+07	5
Web Development with PHP	web-development-with-php	Build dynamic websites with PHP.	Learn how to use PHP for server-side web development and create interactive web applications.	Basic knowledge of HTML and CSS.	Familiarity with programming concepts.	English	59.99	Intermediate	thumbnails/php_thumbnail_DSGHn8w.jpg	php-video-url.mp4	f	1	1	2023-01-05 12:00:00+07	2023-01-05 12:00:00+07	4.5
Swift Programming for iOS Development	swift-programming-for-ios-development	Develop iOS applications with Swift.	Learn the Swift programming language and build applications for iPhones and iPads.	Basic knowledge of programming concepts.	Familiarity with mobile app development.	English	69.99	Intermediate	thumbnails/swift_thumbnail_FPfMJcg.png	swift-video-url.mp4	t	1	4	2023-01-07 12:00:00+07	2023-01-07 12:00:00+07	5
Ruby on Rails: From Novice to Ninja	ruby-on-rails-from-novice-to-ninja	Become a Ruby on Rails expert.	This comprehensive course covers everything from the basics to advanced topics in Ruby on Rails development.	Basic understanding of Ruby programming.	Experience with web development.	English	29.99	Advanced	thumbnails/rails-thumbnail_CXNiBJO.jpg	rails-video-url.mp4	t	1	4	2023-01-06 12:00:00+07	2023-01-06 12:00:00+07	5
R Programming for Data Science	r-programming-for-data-science	Use R for statistical analysis and data visualization.	Explore the R programming language for data manipulation, analysis, and visualization.	Basic knowledge of programming concepts.	Understanding of basic statistical concepts.	English	49.99	Intermediate	thumbnails/r-thumbnail_VBHNdB3.jpg	r-video-url.mp4	t	1	5	2023-01-08 12:00:00+07	2023-01-08 12:00:00+07	5
Python Programming Fundamentals	python-programming-fundamentals	Learn the basics of Python programming.	This course covers the fundamental concepts of Python programming, including variables, loops, and functions.	Basic understanding of Python programming.	None	English	19.99	Beginner	thumbnails/python-thumbnail_0IMEmtB.png	python-video-url.mp4	t	1	1	2023-01-01 12:00:00+07	2023-01-01 12:00:00+07	5
Kotlin Development for Android	kotlin-development-for-android	Build Android applications with Kotlin.	Learn the Kotlin programming language and develop Android apps with modern and concise code.	Basic knowledge of programming concepts.	Familiarity with mobile app development.	English	79.99	Advanced	thumbnails/kotlin-thumbnail_vm0P3vj.png	kotlin-video-url.mp4	f	1	1	2023-01-09 12:00:00+07	2023-01-09 12:00:00+07	5
JavaScript Essentials	javascript-essentials	Master the essentials of JavaScript programming.	Explore the core concepts of JavaScript and build a strong foundation for web development.	Basic knowledge of HTML and CSS.	None	English	39.99	Intermediate	thumbnails/js-thumbnail_xT5srFX.png	javascript-video-url.mp4	t	1	5	2023-01-03 12:00:00+07	2023-01-03 12:00:00+07	5
Go Programming Language: Mastering the Basics	go-programming-language-mastering-the-basics	Master the basics of Go programming language.	Explore the fundamentals of Go (Golang) and build scalable and efficient software.	Basic understanding of programming concepts.	None	English	39.99	Intermediate	thumbnails/go-language_ODyGRsd.jpg	go-video-url.mp4	t	1	5	2023-01-10 12:00:00+07	2023-01-10 12:00:00+07	5
Cpp Programming for Advanced Users	cpp-programming-for-advanced-users	Advance your skills in C++ programming.	This course is for experienced C++ developers looking to deepen their understanding and proficiency.	Solid understanding of C++ fundamentals.	Experience with C++ development.	English	49.99	Advanced	thumbnails/cpp_thumbnail_eP6ARQL.jpg	cpp-video-url.mp4	t	1	1	2023-01-04 12:00:00+07	2023-01-04 12:00:00+07	5
Software Architecture and Design Patterns	software-architecture-and-design-patterns	Master the art of designing scalable and maintainable.	Learn about software architecture styles, design patterns, and best practices for building robust and scalable applications.	Upon completion, students will be able to design scalable and maintainable software systems using architecture styles and design patterns.	Intermediate programming skills, knowledge of basic design principles	English	79.99	Intermediate	thumbnails/software-security-thumbnail_3iOpufG.png	https://www.example.com/courses/software-architecture	t	5	1	2023-11-30 17:32:56+07	2023-11-30 17:32:56+07	4.8
DevOps Practices and Continuous Integration	devops-practices-and-continuous-integration	Integrate development and operations for efficient.	This course covers DevOps principles, continuous integration, and tools for streamlining the software development lifecycle.	Upon completion, students will be able to implement DevOps practices and continuous integration for efficient software delivery.	Understanding of software development and basic system administration	English	89.99	Advanced	thumbnails/devops_thumbnail_FyqIrM1.jpg	https://www.example.com/courses/devops-ci	t	5	1	2023-11-30 17:32:56+07	2023-11-30 17:32:56+07	5
Web Development with Django	web-development-with-django	Build web applications using the Django framework.	This course teaches web development using Django, covering topics such as models, views, templates, and deployment.	Upon completion, students will be able to build web applications using the Django framework.	Intermediate programming skills, knowledge of Python	English	79.99	Intermediate	thumbnails/web_python_thumbnail_6jKoHV6.jpg	https://www.example.com/courses/web-dev-django	t	5	1	2023-11-30 17:32:56+07	2023-11-30 17:32:56+07	4
Software Security and Ethical Hacking	software-security-and-ethical-hacking	Learn to secure software systems and protect against cyber	Explore software security principles, common vulnerabilities, and ethical hacking techniques to enhance application security.	Upon completion, students will understand software security principles and techniques for ethical hacking.	Basic understanding of software development and networking	English	79.99	Advanced	thumbnails/software_security_6ORSo2M.png	https://www.example.com/courses/software-security	t	5	1	2023-11-30 17:32:56+07	2023-11-30 17:32:56+07	5
Quality Assurance and Testing in Software Engineering	quality-assurance-and-testing-in-software-engineering	Ensure software quality through effective testing strategies	Explore testing methodologies, automated testing tools, and best practices for ensuring the reliability of software applications.	Upon completion, students will understand testing methodologies and tools for ensuring software quality.	Basic understanding of software development and programming	English	69.99	Intermediate	thumbnails/qa-testing-thumbnail_Aktn6kW.jpg	https://www.example.com/courses/qa-testing	t	5	1	2023-11-30 17:32:56+07	2023-11-30 17:32:56+07	5
Mobile App Development with React Native	mobile-app-development-with-react-native	Create cross-platform mobile apps using React Native.	Learn mobile app development using React Native, including components, navigation, and state management.	Upon completion, students will be able to create cross-platform mobile apps using React Native.	Basic understanding of JavaScript, React knowledge is a plus	English	89.99	Intermediate	thumbnails/mobile-dev-react-native-thumbnail_K9ba8dJ.jpg	https://www.example.com/courses/mobile-dev-react-native	t	1	1	2023-11-30 17:32:56+07	2023-11-30 17:32:56+07	5
Introduction to Software Engineering	introduction-to-software-engineering	Learn the basics of software engineering and its principles.	This course covers fundamental concepts in software engineering, including software development life cycle, requirements engineering, and software design.	Upon completion, students will understand the software development life cycle and basic principles of software engineering.	Understanding of software development processes, basic programming knowledge	English	49.99	Beginner	thumbnails/intro-to-se-thumbnail_5zAl7CU.jpg	https://www.example.com/courses/intro-to-se	t	5	1	2023-11-30 17:32:56+07	2023-11-30 17:32:56+07	5
Agile Development Practices	agile-development-practices	Explore Agile methodologies and application in software dev.	This course dives into Agile principles, Scrum, and Kanban methodologies, emphasizing iterative and collaborative development.	Upon completion, students will be familiar with Agile methodologies and practices for collaborative development.	Basic understanding of software development	English	59.99	Intermediate	thumbnails/agile_dev_thumbnail_kbTuntT.jpg	https://www.example.com/courses/agile-development	t	5	1	2023-11-30 17:32:56+07	2023-11-30 17:32:56+07	5
\.


--
-- Data for Name: courses_lesson; Type: TABLE DATA; Schema: public; Owner: akai
--

COPY public.courses_lesson (id, title, duration, video_url, created_at, updated_at, course_id) FROM stdin;
20	Lesson 1: Python Tutorial for Absolute Beginners #1 - What Are Variables?	24	https://www.youtube.com/watch?v=Z1Yd7upQsXY	2023-11-30 14:32:56.363766+07	2023-11-30 14:32:56.363766+07	python-programming-fundamentals
21	Lesson 2: How to Use If Else Statements in Python (Python Tutorial #2)	19	https://www.youtube.com/watch?v=AWek49wXGzI	2023-11-30 14:32:56.363766+07	2023-11-30 14:32:56.363766+07	python-programming-fundamentals
22	Lesson 3: How To Use Functions In Python (Python Tutorial #3)	14	https://www.youtube.com/watch?v=NSbOtYzIQI0	2023-11-30 14:32:56.363766+07	2023-11-30 14:32:56.363766+07	python-programming-fundamentals
23	Lesson 4: Introduction To Lists In Python (Python Tutorial #4)	9	https://www.youtube.com/watch?v=tw7ror9x32s	2023-11-30 14:32:56.363766+07	2023-11-30 14:32:56.363766+07	python-programming-fundamentals
24	Lesson 5: Introduction to For Loops in Python (Python Tutorial #5)	10	https://www.youtube.com/watch?v=OnDr4J2UXSA	2023-11-30 14:32:56.363766+07	2023-11-30 14:32:56.363766+07	python-programming-fundamentals
25	Lesson 6: While Loops and The Break Statement in Python (Python Tutorial #6)	13	https://www.youtube.com/watch?v=6TEGxJXLAWQ	2023-11-30 14:32:56.363766+07	2023-11-30 14:32:56.363766+07	python-programming-fundamentals
26	Lesson 7: More About For Loops in Python & Solutions to the Last 2 Problems (Python Tutorial #7)	8	https://www.youtube.com/watch?v=iVyWLmQ0QYA	2023-11-30 14:32:56.363766+07	2023-11-30 14:32:56.363766+07	python-programming-fundamentals
27	Lesson 8: How To Use Dictionaries In Python (Python Tutorial #8)	6	https://www.youtube.com/watch?v=ZEZdys-fHDw	2023-11-30 14:32:56.363766+07	2023-11-30 14:32:56.363766+07	python-programming-fundamentals
28	Lesson 9: Classes and Objects with Python - Part 1 (Python Tutorial #9)	11	https://www.youtube.com/watch?v=wfcWRAxRVBA	2023-11-30 14:32:56.363766+07	2023-11-30 14:32:56.363766+07	python-programming-fundamentals
29	Lesson 10: Classes and Objects with Python - Part 2 (Python Tutorial #10)	9	https://www.youtube.com/watch?v=WOwi0h_-dfA	2023-11-30 14:32:56.363766+07	2023-11-30 14:32:56.363766+07	python-programming-fundamentals
30	Lesson 11: Using Boolean in Python (Python Tutorial #11)	8	https://www.youtube.com/watch?v=r526yum0EYQ	2023-11-30 14:32:56.363766+07	2023-11-30 14:32:56.363766+07	python-programming-fundamentals
31	Lesson 12: List Comprehension Basics with Python (Python Tutorial #12)	7	https://www.youtube.com/watch?v=5K08WcjGV6c	2023-11-30 14:32:56.363766+07	2023-11-30 14:32:56.363766+07	python-programming-fundamentals
32	Lesson 13: How To Use Sets in Python (Python Tutorial #13)	8	https://www.youtube.com/watch?v=2u_ZExcNBzA	2023-11-30 14:32:56.363766+07	2023-11-30 14:32:56.363766+07	python-programming-fundamentals
33	Lesson 14: 6 Python Exercise Problems for Beginners - from CodingBat (Python Tutorial #14)	20	https://www.youtube.com/watch?v=lx7oqZ7Nl3k	2023-11-30 14:32:56.363766+07	2023-11-30 14:32:56.363766+07	python-programming-fundamentals
34	Lesson 15: How To Create A Twitter Bot With Python | Build a Startup #4	35	https://www.youtube.com/watch?v=W0wWwglE1Vc	2023-11-30 14:32:56.363766+07	2023-11-30 14:32:56.363766+07	python-programming-fundamentals
35	Lesson 16: I Created a New Q&A Website for Coders with Python | Devlog #1	8	https://www.youtube.com/watch?v=RwOC7onT48Y	2023-11-30 14:32:56.363766+07	2023-11-30 14:32:56.363766+07	python-programming-fundamentals
36	What is RStudio and Why Should You Download It? | R Tutorial 1.1 | MarinStatsLectures	5	https://www.youtube.com/watch?v=riONFzJdXcs	2023-11-30 14:48:18.42688+07	2023-11-30 14:48:18.42688+07	r-programming-for-data-science
37	Getting started with R: Basic Arithmetic and Coding in R | R Tutorial 1.3 | MarinStatsLectures	7	https://www.youtube.com/watch?v=UYclmg1_KLk	2023-11-30 14:48:18.42688+07	2023-11-30 14:48:18.42688+07	r-programming-for-data-science
38	Create and Work with Vectors and Matrices in R | R Tutorial 1.4 | MarinStatslectures	8	https://www.youtube.com/watch?v=2TcPAZOyV0U	2023-11-30 14:48:18.42688+07	2023-11-30 14:48:18.42688+07	r-programming-for-data-science
39	Import Data, Copy Data from Excel to R CSV & TXT Files | R Tutorial 1.5 | MarinStatsLectures	6	https://www.youtube.com/watch?v=qPk0YEKhqB8	2023-11-30 14:48:18.42688+07	2023-11-30 14:48:18.42688+07	r-programming-for-data-science
40	Importing/Reading Excel data into R using RStudio (readxl) | R Tutorial 1.5b | MarinStatsLectures	8	https://www.youtube.com/watch?v=JYVWufSQ4OI	2023-11-30 14:48:18.42688+07	2023-11-30 14:48:18.42688+07	r-programming-for-data-science
41	Export Data from R (csv , txt and other formats) | R Tutorial 1.6 | MarinStatsLectures	5	https://www.youtube.com/watch?v=WjpcbmcJjjM	2023-11-30 14:48:18.42688+07	2023-11-30 14:48:18.42688+07	r-programming-for-data-science
42	Importing , Checking and Working with Data in R | R Tutorial 1.7 | MarinStatsLectures	8	https://www.youtube.com/watch?v=U4-RnTW5dfw	2023-11-30 14:48:18.42688+07	2023-11-30 14:48:18.42688+07	r-programming-for-data-science
43	Working with Variables and Data in R | R Tutorial 1.8 | MarinStatslectures	8	https://www.youtube.com/watch?v=1BcGnHwUT6k	2023-11-30 14:48:18.42688+07	2023-11-30 14:48:18.42688+07	r-programming-for-data-science
44	Subsetting (Sort/Select) Data in R with Square Brackets | R Tutorial 1.9| MarinStatsLectures	4	https://www.youtube.com/watch?v=jGf7WNh-LX8	2023-11-30 14:48:18.42688+07	2023-11-30 14:48:18.42688+07	r-programming-for-data-science
45	Logic Statements (TRUE/FALSE), cbind and rbind Functions in R | R Tutorial 1.10| MarinStatsLectures	4	https://www.youtube.com/watch?v=NFaK1Qn4u3A	2023-11-30 14:48:18.42688+07	2023-11-30 14:48:18.42688+07	r-programming-for-data-science
46	Setting Up Working Directory in R | R Tutorial 1.11 | MarinStatsLectures	8	https://www.youtube.com/watch?v=OJ4WBjV5o1I	2023-11-30 14:48:18.42688+07	2023-11-30 14:48:18.42688+07	r-programming-for-data-science
47	Writing Scripts in R | R Tutorial 1.12 | MarinStatsLectures	6	https://www.youtube.com/watch?v=qqz_D1vzS5M	2023-11-30 14:48:18.42688+07	2023-11-30 14:48:18.42688+07	r-programming-for-data-science
48	How to Install Packages in R | R Tutorial 1.13 | MarinStatsLectures	6	https://www.youtube.com/watch?v=3RWb5U3X-T8	2023-11-30 14:48:18.42688+07	2023-11-30 14:48:18.42688+07	r-programming-for-data-science
49	Customizing The Look of R Studio | R Tutorial 1.14 | MarinStatsLectures	3	https://www.youtube.com/watch?v=5dNNcC-UBeA	2023-11-30 14:48:18.42688+07	2023-11-30 14:48:18.42688+07	r-programming-for-data-science
50	Apply Function in R  | R Tutorial 1.15 | MarinStatsLectures	6	https://www.youtube.com/watch?v=7sJ8r6Lb7-o	2023-11-30 14:48:18.42688+07	2023-11-30 14:48:18.42688+07	r-programming-for-data-science
51	tApply Function in R | R Tutorial 1.16 | MarinStatsLectures	4	https://www.youtube.com/watch?v=9ZWHfozPn6k	2023-11-30 14:48:18.42688+07	2023-11-30 14:48:18.42688+07	r-programming-for-data-science
52	Bar Charts and Pie Charts in R | R Tutorial 2.1 | MarinStatsLectures	4	https://www.youtube.com/watch?v=Eph_Y0BmHU0	2023-11-30 14:48:18.42688+07	2023-11-30 14:48:18.42688+07	r-programming-for-data-science
53	Boxplots and Grouped Boxplots in R | R Tutorial 2.2 | MarinStatsLectures	4	https://www.youtube.com/watch?v=U64yNvlhv9I	2023-11-30 14:48:18.42688+07	2023-11-30 14:48:18.42688+07	r-programming-for-data-science
54	Box Plots with Two Factors (Stratified Boxplots) in R | R Tutorial 2.3 | MarinStatsLectures	7	https://www.youtube.com/watch?v=s7ljwAzB5dQ	2023-11-30 14:48:18.42688+07	2023-11-30 14:48:18.42688+07	r-programming-for-data-science
55	Histograms in R | R Tutorial 2.4 | MarinStatsLectures	4	https://www.youtube.com/watch?v=Hj1pgap4UOY	2023-11-30 14:48:18.42688+07	2023-11-30 14:48:18.42688+07	r-programming-for-data-science
56	Stem and Leaf Plots in R  | R Tutorial 2.5 | MarinStatsLectures	2	https://www.youtube.com/watch?v=NpBRo0tRNeY	2023-11-30 14:48:18.42688+07	2023-11-30 14:48:18.42688+07	r-programming-for-data-science
57	Stacked and Grouped Bar Charts and Mosaic Plots in R |R Tutorial 2.6| MarinStatsLectures	3	https://www.youtube.com/watch?v=rl1tB9p3FLg	2023-11-30 14:48:18.42688+07	2023-11-30 14:48:18.42688+07	r-programming-for-data-science
58	Scatterplots in R | R Tutorial 2.7 | MarinStatsLectures	4	https://www.youtube.com/watch?v=FEAS3akVxD8	2023-11-30 14:48:18.42688+07	2023-11-30 14:48:18.42688+07	r-programming-for-data-science
59	Calculating Mean, Standard Deviation, Frequencies and More in R | R Tutorial 2.8| MarinStatsLectures	6	https://www.youtube.com/watch?v=ACWuV16tdhY	2023-11-30 14:48:18.42688+07	2023-11-30 14:48:18.42688+07	r-programming-for-data-science
60	How to Modify and Customize Plots in R | R Tutorial 2.9 | MarinStatsLectures	15	https://www.youtube.com/watch?v=lPOSwfxMd3c	2023-11-30 14:48:18.42688+07	2023-11-30 14:48:18.42688+07	r-programming-for-data-science
61	Add and Customize Text in Plots with R | R Tutorial 2.10 | MarinStatsLectures	7	https://www.youtube.com/watch?v=Zx3Nspy8sws	2023-11-30 14:48:18.42688+07	2023-11-30 14:48:18.42688+07	r-programming-for-data-science
62	Add and Customize Legends to Plots in R | R Tutorial 2.11| MarinStatsLectures	8	https://www.youtube.com/watch?v=mB3iSp9-OPc	2023-11-30 14:48:18.42688+07	2023-11-30 14:48:18.42688+07	r-programming-for-data-science
63	Binomial Distribution in R | R Tutorial 3.1| MarinStatsLectures	3	https://www.youtube.com/watch?v=iG995W0XefU	2023-11-30 14:48:18.42688+07	2023-11-30 14:48:18.42688+07	r-programming-for-data-science
64	Poisson Distribution in R | R Tutorial 3.2 | MarinStatsLectures	4	https://www.youtube.com/watch?v=778WK1Pf8eI	2023-11-30 14:48:18.42688+07	2023-11-30 14:48:18.42688+07	r-programming-for-data-science
65	Normal Distribution, Z Scores, and Normal Probabilities in R | R Tutorial 3.3| MarinStatslectures	6	https://www.youtube.com/watch?v=peEsXbdMY_4	2023-11-30 14:48:18.42688+07	2023-11-30 14:48:18.42688+07	r-programming-for-data-science
66	t Distribution and t Scores in R | R Tutorial 3.4 | MarinStatsLectures	4	https://www.youtube.com/watch?v=ETd-jPhI_tE	2023-11-30 14:48:18.42688+07	2023-11-30 14:48:18.42688+07	r-programming-for-data-science
67	One-Sample t Test & Confidence Interval in R with Example | R Tutorial 4.1| MarinStatsLectures	4	https://www.youtube.com/watch?v=kvmSAXhX9Hs	2023-11-30 14:48:18.42688+07	2023-11-30 14:48:18.42688+07	r-programming-for-data-science
68	Two-Sample t Test in R (Independent Groups) with Example | R Tutorial 4.2 | MarinStatsLectures	6	https://www.youtube.com/watch?v=RlhnNbPZC0A	2023-11-30 14:48:18.42688+07	2023-11-30 14:48:18.42688+07	r-programming-for-data-science
69	Mann Whitney U / Wilcoxon Rank-Sum Test in R | R Tutorial 4.3 | MarinStatsLectures	4	https://www.youtube.com/watch?v=KroKhtCD9eE	2023-11-30 14:48:18.42688+07	2023-11-30 14:48:18.42688+07	r-programming-for-data-science
70	Bootstrap Hypothesis Testing in R with Example | R Video Tutorial 4.4 | MarinStatsLecutres	14	https://www.youtube.com/watch?v=Zet-qmEEfCU	2023-11-30 14:48:18.42688+07	2023-11-30 14:48:18.42688+07	r-programming-for-data-science
71	Bootstrap Confidence Interval with R | R Video Tutorial 4.5 | MarinStatsLectures	11	https://www.youtube.com/watch?v=Om5TMGj9td4	2023-11-30 14:48:18.42688+07	2023-11-30 14:48:18.42688+07	r-programming-for-data-science
72	Permutation Hypothesis Test in R with Examples | R Tutorial 4.6 | MarinStatsLectures	14	https://www.youtube.com/watch?v=xRzEWLfEEIA	2023-11-30 14:48:18.42688+07	2023-11-30 14:48:18.42688+07	r-programming-for-data-science
110	Intro To PHP Programming For Web Development	2	https://www.youtube.com/watch?v=B2p_7HNPxRg	2023-11-30 15:23:56.830454+07	2023-11-30 15:23:56.830454+07	web-development-with-php
111	Install XAMPP to Start Coding PHP	5	https://www.youtube.com/watch?v=xfwKZwBlNmE	2023-11-30 15:23:56.830454+07	2023-11-30 15:23:56.830454+07	web-development-with-php
112	Setting Up Your PHP Cloud Development Environment	8	https://www.youtube.com/watch?v=8_5D4UWyTzU	2023-11-30 15:23:56.830454+07	2023-11-30 15:23:56.830454+07	web-development-with-php
113	PHP Version Control Using Git and Github in the Cloud	13	https://www.youtube.com/watch?v=AZB3dvF1ODo	2023-11-30 15:23:56.830454+07	2023-11-30 15:23:56.830454+07	web-development-with-php
114	Deploying Your PHP Code To Heroku	8	https://www.youtube.com/watch?v=LXb6f8GJ0qs	2023-11-30 15:23:56.830454+07	2023-11-30 15:23:56.830454+07	web-development-with-php
115	Understanding Basic PHP Structure	8	https://www.youtube.com/watch?v=LJdfLV9goOU	2023-11-30 15:23:56.830454+07	2023-11-30 15:23:56.830454+07	web-development-with-php
116	How To Use Variables In PHP	7	https://www.youtube.com/watch?v=DIe5NxdgU-4	2023-11-30 15:23:56.830454+07	2023-11-30 15:23:56.830454+07	web-development-with-php
117	Using Math Operators In PHP	4	https://www.youtube.com/watch?v=SvmF4fS5yYk	2023-11-30 15:23:56.830454+07	2023-11-30 15:23:56.830454+07	web-development-with-php
118	How To Use Comparison Operators in PHP	3	https://www.youtube.com/watch?v=1tkukNrHQT8	2023-11-30 15:23:56.830454+07	2023-11-30 15:23:56.830454+07	web-development-with-php
119	How To Use Escape Characters in PHP	4	https://www.youtube.com/watch?v=TDkiaESbLa8	2023-11-30 15:23:56.830454+07	2023-11-30 15:23:56.830454+07	web-development-with-php
120	How To Use If/Else Statements In PHP	7	https://www.youtube.com/watch?v=4y1IBPJuylg	2023-11-30 15:23:56.830454+07	2023-11-30 15:23:56.830454+07	web-development-with-php
121	How To use If/ElseIf Statements in PHP	3	https://www.youtube.com/watch?v=tjMJ4Y_VdI4	2023-11-30 15:23:56.830454+07	2023-11-30 15:23:56.830454+07	web-development-with-php
122	How to Use Arrays in PHP	10	https://www.youtube.com/watch?v=YUEjhxmf7fk	2023-11-30 15:23:56.830454+07	2023-11-30 15:23:56.830454+07	web-development-with-php
123	How To Use For Loops and While Loops In PHP	12	https://www.youtube.com/watch?v=52iFAQ32aS8	2023-11-30 15:23:56.830454+07	2023-11-30 15:23:56.830454+07	web-development-with-php
124	How To Use Functions In PHP	6	https://www.youtube.com/watch?v=QJ5eYSyr5Jw	2023-11-30 15:23:56.830454+07	2023-11-30 15:23:56.830454+07	web-development-with-php
125	Creating Random Numbers in PHP With the rand() function	6	https://www.youtube.com/watch?v=pl-W4h1YudA	2023-11-30 15:23:56.830454+07	2023-11-30 15:23:56.830454+07	web-development-with-php
126	Using the Date in PHP with the date() Function	5	https://www.youtube.com/watch?v=kGody9VgT9k	2023-11-30 15:23:56.830454+07	2023-11-30 15:23:56.830454+07	web-development-with-php
127	String Manipulation in PHP	7	https://www.youtube.com/watch?v=2TXxgwmcm8k	2023-11-30 15:23:56.830454+07	2023-11-30 15:23:56.830454+07	web-development-with-php
128	Using the Include() Function in PHP	8	https://www.youtube.com/watch?v=ci2mlEu7YB4	2023-11-30 15:23:56.830454+07	2023-11-30 15:23:56.830454+07	web-development-with-php
129	Templating Out A Website With PHP	10	https://www.youtube.com/watch?v=HgbBLJ7SknE	2023-11-30 15:23:56.830454+07	2023-11-30 15:23:56.830454+07	web-development-with-php
130	Templating A Webpage Using require_once() In PHP	8	https://www.youtube.com/watch?v=PhRXIUisLdE	2023-11-30 15:23:56.830454+07	2023-11-30 15:23:56.830454+07	web-development-with-php
131	Introduction to Java Language | Lecture 1 | Complete Placement Course	18	https://www.youtube.com/watch?v=yRpLlJmRo2w	2023-11-30 15:48:44.708596+07	2023-11-30 15:48:44.708596+07	java-development-for-beginners
132	Variables in Java | Input Output | Complete Placement Course | Lecture 2	42	https://www.youtube.com/watch?v=LusTv0RlnSU	2023-11-30 15:48:44.708596+07	2023-11-30 15:48:44.708596+07	java-development-for-beginners
133	Conditional Statements | If-else, Switch Break | Complete Java Placement Course | Lecture 3	25	https://www.youtube.com/watch?v=I5srDu75h_M	2023-11-30 15:48:44.708596+07	2023-11-30 15:48:44.708596+07	java-development-for-beginners
134	Loops in Java | Java Placement Full Course | Lecture 4	29	https://www.youtube.com/watch?v=0r1SfRoLuzU	2023-11-30 15:48:44.708596+07	2023-11-30 15:48:44.708596+07	java-development-for-beginners
135	9 Best Patterns Questions In Java (for Beginners) | Java Placement Course | Lecture 5	58	https://www.youtube.com/watch?v=GjHNGM7KN3w	2023-11-30 15:48:44.708596+07	2023-11-30 15:48:44.708596+07	java-development-for-beginners
136	Advanced Pattern Questions | Java | Complete Placement Course - Lecture 6	39	https://www.youtube.com/watch?v=Dr4PpNa7AYo	2023-11-30 15:48:44.708596+07	2023-11-30 15:48:44.708596+07	java-development-for-beginners
137	Functions & Methods | Java  Complete Placement Course | Lecture 7	26	https://www.youtube.com/watch?v=qcSz4ef9UHA	2023-11-30 15:48:44.708596+07	2023-11-30 15:48:44.708596+07	java-development-for-beginners
138	Functions in Java | Practice Questions | Complete Placement Course | Lecture 8	1	https://www.youtube.com/watch?v=pFPZ83mgH00	2023-11-30 15:48:44.708596+07	2023-11-30 15:48:44.708596+07	java-development-for-beginners
139	Basics of Time Complexity and Space Complexity | Java | Complete Placement Course | Lecture 9	21	https://www.youtube.com/watch?v=bQssdSrSGNE	2023-11-30 15:48:44.708596+07	2023-11-30 15:48:44.708596+07	java-development-for-beginners
140	Arrays Introduction | Java Complete Placement Course | Lecture 10	25	https://www.youtube.com/watch?v=NTHVTY6w2Co	2023-11-30 15:48:44.708596+07	2023-11-30 15:48:44.708596+07	java-development-for-beginners
141	2D Arrays | Java Complete Placement Course | Lecture 11	19	https://www.youtube.com/watch?v=18Zt5I4S45o	2023-11-30 15:48:44.708596+07	2023-11-30 15:48:44.708596+07	java-development-for-beginners
142	Strings | Lecture 12 | Java Placement Series	26	https://www.youtube.com/watch?v=vCRD36bG8xQ	2023-11-30 15:48:44.708596+07	2023-11-30 15:48:44.708596+07	java-development-for-beginners
143	String Builder | Java Placement Course Lecture 13	24	https://www.youtube.com/watch?v=ZLDwskEhIFg	2023-11-30 15:48:44.708596+07	2023-11-30 15:48:44.708596+07	java-development-for-beginners
144	Operators & Binary Number System | Java Lecture 14	36	https://www.youtube.com/watch?v=Oud4alVQU4s	2023-11-30 15:48:44.708596+07	2023-11-30 15:48:44.708596+07	java-development-for-beginners
145	Bit Manipulation | Java Placement Course | Lecture 15	26	https://www.youtube.com/watch?v=OSoO8eCEEC8	2023-11-30 15:48:44.708596+07	2023-11-30 15:48:44.708596+07	java-development-for-beginners
146	Sorting in Java | Bubble Sort, Selection Sort & Insertion Sort | Java Placement Course	33	https://www.youtube.com/watch?v=PkJIc5tBRUE	2023-11-30 15:48:44.708596+07	2023-11-30 15:48:44.708596+07	java-development-for-beginners
147	Recursion in One Shot | Theory + Question Practice + Code | Level 1 - Easy	85	https://www.youtube.com/watch?v=5Boqfjissv0	2023-11-30 15:48:44.708596+07	2023-11-30 15:48:44.708596+07	java-development-for-beginners
148	Recursion in One Shot | 9 Best Problems	97	https://www.youtube.com/watch?v=u-HgzgYe8KA	2023-11-30 15:48:44.708596+07	2023-11-30 15:48:44.708596+07	java-development-for-beginners
149	Recursion One Shot - Advanced Level Questions | Placement (Tech)	50	https://www.youtube.com/watch?v=xZykmhcWGuY	2023-11-30 15:48:44.708596+07	2023-11-30 15:48:44.708596+07	java-development-for-beginners
150	Backtracking | N Queens Problem | Permutations |  The Java Placement Course | Apna College |	46	https://www.youtube.com/watch?v=bRs6E_SL2Tk	2023-11-30 15:48:44.708596+07	2023-11-30 15:48:44.708596+07	java-development-for-beginners
151	Java Sudoku Solver | Backtracking | Java Placement Course	25	https://www.youtube.com/watch?v=tRj4VlVTat8	2023-11-30 15:48:44.708596+07	2023-11-30 15:48:44.708596+07	java-development-for-beginners
152	Merge Sort | For Beginners | Java Placement Course	21	https://www.youtube.com/watch?v=unxAnJBy12Q	2023-11-30 15:48:44.708596+07	2023-11-30 15:48:44.708596+07	java-development-for-beginners
153	Quick Sort For Beginners | Java Placement Course | @ApnaCollegeOfficial	23	https://www.youtube.com/watch?v=QXum8HQd_l4	2023-11-30 15:48:44.708596+07	2023-11-30 15:48:44.708596+07	java-development-for-beginners
154	Java OOPs in One Shot | Object Oriented Programming | Java Language | Placement Course	66	https://www.youtube.com/watch?v=bSrm9RXwBaI	2023-11-30 15:48:44.708596+07	2023-11-30 15:48:44.708596+07	java-development-for-beginners
155	ArrayList In Java + Notes | Java Placement Course	17	https://www.youtube.com/watch?v=liFyhzZl9uw	2023-11-30 15:48:44.708596+07	2023-11-30 15:48:44.708596+07	java-development-for-beginners
156	Java Collections Framework | Java Placement Course	17	https://www.youtube.com/watch?v=VphowcSkBX4	2023-11-30 15:48:44.708596+07	2023-11-30 15:48:44.708596+07	java-development-for-beginners
157	Introduction to Linked List | Data Structures & Algorithms | Java Placement Course	48	https://www.youtube.com/watch?v=oAja8-Ulz6o	2023-11-30 15:48:44.708596+07	2023-11-30 15:48:44.708596+07	java-development-for-beginners
158	How to Reverse a Linked List? | Iterative + Recursive | Java Placement Course	20	https://www.youtube.com/watch?v=t7YaoQOFXzk	2023-11-30 15:48:44.708596+07	2023-11-30 15:48:44.708596+07	java-development-for-beginners
159	Most IMPORTANT Linked List Questions for Placements | Java Full Course	45	https://www.youtube.com/watch?v=cL4gHVuFOvk	2023-11-30 15:48:44.708596+07	2023-11-30 15:48:44.708596+07	java-development-for-beginners
160	Stack Data Structure in One Video | Java Placement Course	36	https://www.youtube.com/watch?v=7m1DMYAbdiY	2023-11-30 15:48:44.708596+07	2023-11-30 15:48:44.708596+07	java-development-for-beginners
161	Complete Queue Data Structure | in One Shot | Java Placement Course	45	https://www.youtube.com/watch?v=va_6RmSrKCg	2023-11-30 15:48:44.708596+07	2023-11-30 15:48:44.708596+07	java-development-for-beginners
162	Binary Tree in Data Structures | All about Binary Tree | DSA Course	82	https://www.youtube.com/watch?v=-DzowlcaUmE	2023-11-30 15:48:44.708596+07	2023-11-30 15:48:44.708596+07	java-development-for-beginners
163	Binary Search Trees | BST in One Video | Java Placement Course | Data Structures & Algorithms	69	https://www.youtube.com/watch?v=qAeitQWjNNg	2023-11-30 15:48:44.708596+07	2023-11-30 15:48:44.708596+07	java-development-for-beginners
164	HashSet in Java | Hashing | Java Placement Course | Data Structures & Algorithms	20	https://www.youtube.com/watch?v=eJiGN1h8XzM	2023-11-30 15:48:44.708596+07	2023-11-30 15:48:44.708596+07	java-development-for-beginners
165	HashMap in Java | Hashing | Java Placement Course | Data Structures & Algorithms	24	https://www.youtube.com/watch?v=WeF3_nk-UqY	2023-11-30 15:48:44.708596+07	2023-11-30 15:48:44.708596+07	java-development-for-beginners
166	HashMap Implementation in Java | HashMap | Java with DSA	58	https://www.youtube.com/watch?v=KDZ_IXvpMG4	2023-11-30 15:48:44.708596+07	2023-11-30 15:48:44.708596+07	java-development-for-beginners
167	Hashing in Java | One Shot | 5 Best Questions	97	https://www.youtube.com/watch?v=rTRcntABSZ4	2023-11-30 15:48:44.708596+07	2023-11-30 15:48:44.708596+07	java-development-for-beginners
168	Trie Data Structure | Java DSA Course	136	https://www.youtube.com/watch?v=m9zawMC6QAI	2023-11-30 15:48:44.708596+07	2023-11-30 15:48:44.708596+07	java-development-for-beginners
169	Graph Data Structure | Tutorial for Graphs in Data Structures	403	https://www.youtube.com/watch?v=59fUtYYz7ZU	2023-11-30 15:48:44.708596+07	2023-11-30 15:48:44.708596+07	java-development-for-beginners
170	JavaScript Essentials: Getting Started	1	https://www.youtube.com/watch?v=4-HVP5pFPD8	2023-11-30 15:48:44.708596+07	2023-11-30 15:48:44.708596+07	javascript-essentials
171	JavaScript Essentials: Using The Console	3	https://www.youtube.com/watch?v=4gle5oZAb30	2023-11-30 15:48:44.708596+07	2023-11-30 15:48:44.708596+07	javascript-essentials
172	JavaScript Essentials: Working with Variables	4	https://www.youtube.com/watch?v=rxkDzwGLGto	2023-11-30 15:48:44.708596+07	2023-11-30 15:48:44.708596+07	javascript-essentials
173	JavaScript Essentials: Data Types	2	https://www.youtube.com/watch?v=X_7rjVaR328	2023-11-30 15:48:44.708596+07	2023-11-30 15:48:44.708596+07	javascript-essentials
174	JavaScript Essentials: Booleans	1	https://www.youtube.com/watch?v=o9I4nivLZqY	2023-11-30 15:48:44.708596+07	2023-11-30 15:48:44.708596+07	javascript-essentials
175	JavaScript Essentials: Converting between strings and numbers	3	https://www.youtube.com/watch?v=AOUYmxo2YB4	2023-11-30 15:48:44.708596+07	2023-11-30 15:48:44.708596+07	javascript-essentials
176	JavaScript Essentials: Working with Strings	4	https://www.youtube.com/watch?v=zqRYD7x4b3o	2023-11-30 15:48:44.708596+07	2023-11-30 15:48:44.708596+07	javascript-essentials
177	JavaScript Essentials: Working with Numbers	6	https://www.youtube.com/watch?v=Ifk5iMF0Is4	2023-11-30 15:48:44.708596+07	2023-11-30 15:48:44.708596+07	javascript-essentials
178	JavaScript Essentials: Template Literals	3	https://www.youtube.com/watch?v=fvO0ngrpWWQ	2023-11-30 15:48:44.708596+07	2023-11-30 15:48:44.708596+07	javascript-essentials
179	JavaScript Essentials: Working with Arrays	6	https://www.youtube.com/watch?v=8-VxNMGuPRM	2023-11-30 15:48:44.708596+07	2023-11-30 15:48:44.708596+07	javascript-essentials
180	JavaScript Essentials: Working with Objects	6	https://www.youtube.com/watch?v=uPstz0ZDZOc	2023-11-30 15:48:44.708596+07	2023-11-30 15:48:44.708596+07	javascript-essentials
181	JavaScript Essentials: if statements	4	https://www.youtube.com/watch?v=JV3k28MJpbM	2023-11-30 15:48:44.708596+07	2023-11-30 15:48:44.708596+07	javascript-essentials
182	JavaScript Essentials: Boolean Expressions	4	https://www.youtube.com/watch?v=t528y6D-qWw	2023-11-30 15:48:44.708596+07	2023-11-30 15:48:44.708596+07	javascript-essentials
183	JavaScript Essentials: Logical Operators	4	https://www.youtube.com/watch?v=t9wo1rSZgCs	2023-11-30 15:48:44.708596+07	2023-11-30 15:48:44.708596+07	javascript-essentials
184	JavaScript Essentials: Loops	5	https://www.youtube.com/watch?v=X7zbSwOqntE	2023-11-30 15:48:44.708596+07	2023-11-30 15:48:44.708596+07	javascript-essentials
185	JavaScript Essentials: Using Loops with Arrays	2	https://www.youtube.com/watch?v=_n3M3N06-zI	2023-11-30 15:48:44.708596+07	2023-11-30 15:48:44.708596+07	javascript-essentials
186	JavaScript Essentials: Switch Statements	3	https://www.youtube.com/watch?v=fGjZNLk5YCI	2023-11-30 15:48:44.708596+07	2023-11-30 15:48:44.708596+07	javascript-essentials
187	JavaScript Essentials: Functions	7	https://www.youtube.com/watch?v=Ho2h5BWSHDM	2023-11-30 15:48:44.708596+07	2023-11-30 15:48:44.708596+07	javascript-essentials
188	JavaScript Essentials: Anonymous Functions	2	https://www.youtube.com/watch?v=Y8dztLmscwc	2023-11-30 15:48:44.708596+07	2023-11-30 15:48:44.708596+07	javascript-essentials
189	JavaScript Essentials: Classes	5	https://www.youtube.com/watch?v=sVl_J2RAkS8	2023-11-30 15:48:44.708596+07	2023-11-30 15:48:44.708596+07	javascript-essentials
190	JavaScript Essentials: The Date Object	5	https://www.youtube.com/watch?v=IOhci54ntwU	2023-11-30 15:48:44.708596+07	2023-11-30 15:48:44.708596+07	javascript-essentials
191	JavaScript Essentials: Variable Scope	3	https://www.youtube.com/watch?v=TW76PRIfCbA	2023-11-30 15:48:44.708596+07	2023-11-30 15:48:44.708596+07	javascript-essentials
192	JavaScript Essentials: Array Functions	6	https://www.youtube.com/watch?v=oG2lHT3fArU	2023-11-30 15:48:44.708596+07	2023-11-30 15:48:44.708596+07	javascript-essentials
193	JavaScript Essentials: Regular Expressions	3	https://www.youtube.com/watch?v=BJITNJvJPiA	2023-11-30 15:48:44.708596+07	2023-11-30 15:48:44.708596+07	javascript-essentials
194	JavaScript Essentials: Error Handling	2	https://www.youtube.com/watch?v=JQvVH3ueH2c	2023-11-30 15:48:44.708596+07	2023-11-30 15:48:44.708596+07	javascript-essentials
195	JavaScript Essentials: Where Next?	1	https://www.youtube.com/watch?v=_b_z0FvKkmM	2023-11-30 15:48:44.708596+07	2023-11-30 15:48:44.708596+07	javascript-essentials
196	JavaScript Crash Course For Beginners	108	https://www.youtube.com/watch?v=2A2HtK9JilQ	2023-11-30 15:48:44.708596+07	2023-11-30 15:48:44.708596+07	javascript-essentials
197	Introduction to C++ Programming	10	https://www.youtube.com/watch?v=s0g4ty29Xgg	2023-11-30 15:48:44.708596+07	2023-11-30 15:48:44.708596+07	cpp-programming-for-advanced-users
198	Writing a Simple C++ Program	10	https://www.youtube.com/watch?v=imNlJohlLPk	2023-11-30 15:48:44.708596+07	2023-11-30 15:48:44.708596+07	cpp-programming-for-advanced-users
199	Installing Source Code Editor and Compiler	14	https://www.youtube.com/watch?v=cnMziyeusQk	2023-11-30 15:48:44.708596+07	2023-11-30 15:48:44.708596+07	cpp-programming-for-advanced-users
200	Compiling & Executing C++ Programs (Windows CMD)	12	https://www.youtube.com/watch?v=BdnpFbODLc0	2023-11-30 15:48:44.708596+07	2023-11-30 15:48:44.708596+07	cpp-programming-for-advanced-users
201	Compiling & Executing C++ Programs (VS Code)	13	https://www.youtube.com/watch?v=m2FtsEvlmCA	2023-11-30 15:48:44.708596+07	2023-11-30 15:48:44.708596+07	cpp-programming-for-advanced-users
202	Input and Output in C++	18	https://www.youtube.com/watch?v=1Wrc91mp980	2023-11-30 15:48:44.708596+07	2023-11-30 15:48:44.708596+07	cpp-programming-for-advanced-users
203	Namespaces in C++	12	https://www.youtube.com/watch?v=ZZWTh142s4w	2023-11-30 15:48:44.708596+07	2023-11-30 15:48:44.708596+07	cpp-programming-for-advanced-users
204	Comments in C++	11	https://www.youtube.com/watch?v=1-OKPH1y4EA	2023-11-30 15:48:44.708596+07	2023-11-30 15:48:44.708596+07	cpp-programming-for-advanced-users
205	Comments in C++ (Exercise)	10	https://www.youtube.com/watch?v=O4gH4OWEaKU	2023-11-30 15:48:44.708596+07	2023-11-30 15:48:44.708596+07	cpp-programming-for-advanced-users
206	The "while" Statement in C++	15	https://www.youtube.com/watch?v=iF4i423144E	2023-11-30 15:48:44.708596+07	2023-11-30 15:48:44.708596+07	cpp-programming-for-advanced-users
207	The "for" Statement in C++	11	https://www.youtube.com/watch?v=yS8DUrQy_ow	2023-11-30 15:48:44.708596+07	2023-11-30 15:48:44.708596+07	cpp-programming-for-advanced-users
208	Reading an Unknown Number of Inputs in C++	12	https://www.youtube.com/watch?v=h44PrRlG8p4	2023-11-30 15:48:44.708596+07	2023-11-30 15:48:44.708596+07	cpp-programming-for-advanced-users
209	The "if-else" Statement in C++	10	https://www.youtube.com/watch?v=9-BjXs1vMSc	2023-11-30 15:48:44.708596+07	2023-11-30 15:48:44.708596+07	cpp-programming-for-advanced-users
210	The "else-if" Statement in C++	11	https://www.youtube.com/watch?v=cec5DV42wjI	2023-11-30 15:48:44.708596+07	2023-11-30 15:48:44.708596+07	cpp-programming-for-advanced-users
211	C++ Program to Count Number of Consecutive Inputs	12	https://www.youtube.com/watch?v=a5TPJXyFu4c	2023-11-30 15:48:44.708596+07	2023-11-30 15:48:44.708596+07	cpp-programming-for-advanced-users
212	Indentation and Formatting of C++ Programs	12	https://www.youtube.com/watch?v=ruwWpt_fMSs	2023-11-30 15:48:44.708596+07	2023-11-30 15:48:44.708596+07	cpp-programming-for-advanced-users
213	Primitive Built-in Types in C++	14	https://www.youtube.com/watch?v=fXakvKtBd-M	2023-11-30 15:48:44.708596+07	2023-11-30 15:48:44.708596+07	cpp-programming-for-advanced-users
214	Signed and Unsigned Types in C++	14	https://www.youtube.com/watch?v=ycd0w28-4Uk	2023-11-30 15:48:44.708596+07	2023-11-30 15:48:44.708596+07	cpp-programming-for-advanced-users
215	Machine-Level Representation of Built-in Types in C++	14	https://www.youtube.com/watch?v=PP4_f-cXoOg	2023-11-30 15:48:44.708596+07	2023-11-30 15:48:44.708596+07	cpp-programming-for-advanced-users
216	Type Conversions in C++	15	https://www.youtube.com/watch?v=uI10H1jzw00	2023-11-30 15:48:44.708596+07	2023-11-30 15:48:44.708596+07	cpp-programming-for-advanced-users
217	Literals in C++	15	https://www.youtube.com/watch?v=g1ntDgsLFAY	2023-11-30 15:48:44.708596+07	2023-11-30 15:48:44.708596+07	cpp-programming-for-advanced-users
218	Escape Sequences in C++	12	https://www.youtube.com/watch?v=zpQ3PPM2SdI	2023-11-30 15:48:44.708596+07	2023-11-30 15:48:44.708596+07	cpp-programming-for-advanced-users
219	Variables in C++	11	https://www.youtube.com/watch?v=fZbSl58orNs	2023-11-30 15:48:44.708596+07	2023-11-30 15:48:44.708596+07	cpp-programming-for-advanced-users
220	Identifiers in C++	11	https://www.youtube.com/watch?v=_80lLRCKgGo	2023-11-30 15:48:44.708596+07	2023-11-30 15:48:44.708596+07	cpp-programming-for-advanced-users
221	Scope of a Name in C++	16	https://www.youtube.com/watch?v=H5nsqGPRkmU	2023-11-30 15:48:44.708596+07	2023-11-30 15:48:44.708596+07	cpp-programming-for-advanced-users
222	Nested Scopes in C++	11	https://www.youtube.com/watch?v=kecbsrH3m2s	2023-11-30 15:48:44.708596+07	2023-11-30 15:48:44.708596+07	cpp-programming-for-advanced-users
223	Compound Types in C++ (References)	19	https://www.youtube.com/watch?v=GIQkZfBtb9Y	2023-11-30 15:48:44.708596+07	2023-11-30 15:48:44.708596+07	cpp-programming-for-advanced-users
224	Compound Types in C++ (Pointers)	19	https://www.youtube.com/watch?v=o-ET7t9MgJI	2023-11-30 15:48:44.708596+07	2023-11-30 15:48:44.708596+07	cpp-programming-for-advanced-users
225	const Qualifier in C++	11	https://www.youtube.com/watch?v=ruNFTpEebrU	2023-11-30 15:48:44.708596+07	2023-11-30 15:48:44.708596+07	cpp-programming-for-advanced-users
226	References to const in C++	13	https://www.youtube.com/watch?v=-dDxZwyLX7A	2023-11-30 15:48:44.708596+07	2023-11-30 15:48:44.708596+07	cpp-programming-for-advanced-users
227	Pointers and const in C++	15	https://www.youtube.com/watch?v=Xtq6JXfFwgc	2023-11-30 15:48:44.708596+07	2023-11-30 15:48:44.708596+07	cpp-programming-for-advanced-users
228	Top-Level and Low-Level const in C++	19	https://www.youtube.com/watch?v=UGYotTNzgUA	2023-11-30 15:48:44.708596+07	2023-11-30 15:48:44.708596+07	cpp-programming-for-advanced-users
229	Constant Expressions	11	https://www.youtube.com/watch?v=UfG7QlEMNsE	2023-11-30 15:48:44.708596+07	2023-11-30 15:48:44.708596+07	cpp-programming-for-advanced-users
230	Pointers and constexpr in C++	10	https://www.youtube.com/watch?v=djEp-dGuDLo	2023-11-30 15:48:44.708596+07	2023-11-30 15:48:44.708596+07	cpp-programming-for-advanced-users
231	Type Aliases in C++	8	https://www.youtube.com/watch?v=6ieRHv3XgeY	2023-11-30 15:48:44.708596+07	2023-11-30 15:48:44.708596+07	cpp-programming-for-advanced-users
232	Pointers, const, and Type Aliases in C++	8	https://www.youtube.com/watch?v=odK0oeZBnVc	2023-11-30 15:48:44.708596+07	2023-11-30 15:48:44.708596+07	cpp-programming-for-advanced-users
233	The auto Type Specifier in C++	8	https://www.youtube.com/watch?v=n_Bc1Fb0y78	2023-11-30 15:48:44.708596+07	2023-11-30 15:48:44.708596+07	cpp-programming-for-advanced-users
234	The decltype Type Specifier in C++	9	https://www.youtube.com/watch?v=OVhwGJUKoxs	2023-11-30 15:48:44.708596+07	2023-11-30 15:48:44.708596+07	cpp-programming-for-advanced-users
235	decltype and References in C++	11	https://www.youtube.com/watch?v=OavjyHbxAok	2023-11-30 15:48:44.708596+07	2023-11-30 15:48:44.708596+07	cpp-programming-for-advanced-users
236	The string Data Type in C++	10	https://www.youtube.com/watch?v=04-dOWYTi-0	2023-11-30 15:48:44.708596+07	2023-11-30 15:48:44.708596+07	cpp-programming-for-advanced-users
237	Operations on Strings (Part 1)	11	https://www.youtube.com/watch?v=JkbbzIZpBD4	2023-11-30 15:48:44.708596+07	2023-11-30 15:48:44.708596+07	cpp-programming-for-advanced-users
238	Operations on Strings (Part 2)	12	https://www.youtube.com/watch?v=gB6w_iu8Quk	2023-11-30 15:48:44.708596+07	2023-11-30 15:48:44.708596+07	cpp-programming-for-advanced-users
239	Operations on Strings (Part 3)	8	https://www.youtube.com/watch?v=k6nU0WmA-vY	2023-11-30 15:48:44.708596+07	2023-11-30 15:48:44.708596+07	cpp-programming-for-advanced-users
240	Dealing with Characters in a String	6	https://www.youtube.com/watch?v=sb0EE68Yk0I	2023-11-30 15:48:44.708596+07	2023-11-30 15:48:44.708596+07	cpp-programming-for-advanced-users
241	Processing Every Character in a String	10	https://www.youtube.com/watch?v=IEiiR5xUauI	2023-11-30 15:48:44.708596+07	2023-11-30 15:48:44.708596+07	cpp-programming-for-advanced-users
242	Processing Some Characters in a String	14	https://www.youtube.com/watch?v=Rg6Q5MnYbRc	2023-11-30 15:48:44.708596+07	2023-11-30 15:48:44.708596+07	cpp-programming-for-advanced-users
243	The Vector Type in C++	6	https://www.youtube.com/watch?v=H1cK1QXw6Zs	2023-11-30 15:48:44.708596+07	2023-11-30 15:48:44.708596+07	cpp-programming-for-advanced-users
244	Defining and Initializing Vectors in C++	13	https://www.youtube.com/watch?v=CoETsc36Q5U	2023-11-30 15:48:44.708596+07	2023-11-30 15:48:44.708596+07	cpp-programming-for-advanced-users
245	Adding Elements to a Vector in C++	8	https://www.youtube.com/watch?v=8MWMDFA2QQc	2023-11-30 15:48:44.708596+07	2023-11-30 15:48:44.708596+07	cpp-programming-for-advanced-users
246	Some more Vector Operations in C++	11	https://www.youtube.com/watch?v=Mhj-JkEHQ4E	2023-11-30 15:48:44.708596+07	2023-11-30 15:48:44.708596+07	cpp-programming-for-advanced-users
247	1  Introduction | Ruby on Rails Introduction | for Beginners	7	https://www.youtube.com/watch?v=BYUXvl_6OAY	2023-11-30 15:48:44.708596+07	2023-11-30 15:48:44.708596+07	ruby-on-rails-from-novice-to-ninja
248	2 | Course Structure, Overview and Guidelines for course | Ruby on Rails Full Course | for Beginners	7	https://www.youtube.com/watch?v=nNgyQVtxg4w	2023-11-30 15:48:44.708596+07	2023-11-30 15:48:44.708596+07	ruby-on-rails-from-novice-to-ninja
249	3 Sign up for Integrated Development Environment | Ruby on Rails Introduction | for Beginners	7	https://www.youtube.com/watch?v=mRCj41RN_5M	2023-11-30 15:48:44.708596+07	2023-11-30 15:48:44.708596+07	ruby-on-rails-from-novice-to-ninja
250	4  Get familiar with online IDE | Ruby on Rails Full Course | for Beginners	15	https://www.youtube.com/watch?v=c03CNsj0v6I	2023-11-30 15:48:44.708596+07	2023-11-30 15:48:44.708596+07	ruby-on-rails-from-novice-to-ninja
251	5 Mac Setup Local Development Environment  | Ruby on Rails Full Course #ruby #rails #coding #web	17	https://www.youtube.com/watch?v=z6daJD30lhQ	2023-11-30 15:48:44.708596+07	2023-11-30 15:48:44.708596+07	ruby-on-rails-from-novice-to-ninja
252	6 Windows Setup Local Development ENV | Ruby on Rails Full Course |  #ruby #rails #coding #web	6	https://www.youtube.com/watch?v=KeEm5DfgnjU	2023-11-30 15:48:44.708596+07	2023-11-30 15:48:44.708596+07	ruby-on-rails-from-novice-to-ninja
253	7  Preview SaaS Project Management App  |  Ruby on Rails Full Course  |    #ruby #rails #coding #web	11	https://www.youtube.com/watch?v=eHQQVly6W_g	2023-11-30 15:48:44.708596+07	2023-11-30 15:48:44.708596+07	ruby-on-rails-from-novice-to-ninja
254	8 Preview of Alpha Blog App | Ruby on Rails Full Course | for Beginners #ruby #rails #coding #web	5	https://www.youtube.com/watch?v=RYgaKEji1RY	2023-11-30 15:48:44.708596+07	2023-11-30 15:48:44.708596+07	ruby-on-rails-from-novice-to-ninja
255	9 Preview of MessageMe chat application | Ruby on Rails Full Course | #ruby #rails #coding #web	2	https://www.youtube.com/watch?v=w-BdYJUh9bo	2023-11-30 15:48:44.708596+07	2023-11-30 15:48:44.708596+07	ruby-on-rails-from-novice-to-ninja
256	10 Preview of Univ App using material design for front end | Ruby on Rails|#ruby #rails #coding #web	2	https://www.youtube.com/watch?v=AQwAEQEAroA	2023-11-30 15:48:44.708596+07	2023-11-30 15:48:44.708596+07	ruby-on-rails-from-novice-to-ninja
257	11 Preview of Finance Tracker App, rapid prototyping | Ruby on Rails | #ruby #rails #coding #web	3	https://www.youtube.com/watch?v=RIK3drygm-I	2023-11-30 15:48:44.708596+07	2023-11-30 15:48:44.708596+07	ruby-on-rails-from-novice-to-ninja
258	12 Preview of Photo App Production concerns | Ruby on Rails Full Course |  #ruby #rails #coding #web	1	https://www.youtube.com/watch?v=_vWqcnyTDPc	2023-11-30 15:48:44.708596+07	2023-11-30 15:48:44.708596+07	ruby-on-rails-from-novice-to-ninja
259	13 Introduction to Ruby | Ruby on Rails Full Course | for Beginners #ruby #rails #coding #web	14	https://www.youtube.com/watch?v=Nd76wqi910Q	2023-11-30 15:48:44.708596+07	2023-11-30 15:48:44.708596+07	ruby-on-rails-from-novice-to-ninja
260	14-1 Working with Strings | Ruby on Rails Full Course | for Beginners #ruby #rails #coding #web	19	https://www.youtube.com/watch?v=TjnhaNwv_qo	2023-11-30 15:48:44.708596+07	2023-11-30 15:48:44.708596+07	ruby-on-rails-from-novice-to-ninja
261	14-2 Strings Getting input from user | Ruby on Rails Full Course | #ruby #rails #coding #web	5	https://www.youtube.com/watch?v=PbRWXjrhbqQ	2023-11-30 15:48:44.708596+07	2023-11-30 15:48:44.708596+07	ruby-on-rails-from-novice-to-ninja
262	15 Working with numbers | Ruby on Rails Full Course | for Beginners #ruby #rails #coding #web	15	https://www.youtube.com/watch?v=CfWd7kt7YUA	2023-11-30 15:48:44.708596+07	2023-11-30 15:48:44.708596+07	ruby-on-rails-from-novice-to-ninja
263	16 Brief look at comparison operators | Ruby on Rails Full Course | #ruby #rails #coding #web	4	https://www.youtube.com/watch?v=jfdNWLqZc78	2023-11-30 15:48:44.708596+07	2023-11-30 15:48:44.708596+07	ruby-on-rails-from-novice-to-ninja
264	17 Methods | Ruby on Rails Full Course | for Beginners #ruby #rails #coding #web	6	https://www.youtube.com/watch?v=D-JQ3HPbgTU	2023-11-30 15:48:44.708596+07	2023-11-30 15:48:44.708596+07	ruby-on-rails-from-novice-to-ninja
265	18 Branching if-elsif-else-end | Ruby on Rails Full Course | for Beginners #ruby #rails #coding #web	14	https://www.youtube.com/watch?v=_7ido36OoBc	2023-11-30 15:48:44.708596+07	2023-11-30 15:48:44.708596+07	ruby-on-rails-from-novice-to-ninja
266	19 Arrays and Iterators | Ruby on Rails Full Course | for Beginners #ruby #rails #coding #web	23	https://www.youtube.com/watch?v=78VYqEgE-JE	2023-11-30 15:48:44.708596+07	2023-11-30 15:48:44.708596+07	ruby-on-rails-from-novice-to-ninja
267	20 Hashes | Ruby on Rails Full Course | for Beginners #ruby #rails #coding #web	14	https://www.youtube.com/watch?v=odNcks_MnQ4	2023-11-30 15:48:44.708596+07	2023-11-30 15:48:44.708596+07	ruby-on-rails-from-novice-to-ninja
268	21 Homework Project Authenticator | Ruby on Rails Full Course | Beginners #ruby #rails #coding #web	3	https://www.youtube.com/watch?v=O-02GNcycT0	2023-11-30 15:48:44.708596+07	2023-11-30 15:48:44.708596+07	ruby-on-rails-from-novice-to-ninja
269	22 Authenticator project implementation | Ruby on Rails Full Course | #ruby #rails #coding #web	21	https://www.youtube.com/watch?v=-g3ZtZho0G4	2023-11-30 15:48:44.708596+07	2023-11-30 15:48:44.708596+07	ruby-on-rails-from-novice-to-ninja
270	23 Ruby Style Guide | Ruby on Rails Full Course | for Beginners #ruby #rails #coding #web	6	https://www.youtube.com/watch?v=AKjgrEVMyy8	2023-11-30 15:48:44.708596+07	2023-11-30 15:48:44.708596+07	ruby-on-rails-from-novice-to-ninja
271	24 Homework Assignment Area code dictionary | Ruby on Rails Full Course | #ruby #rails #coding #web	6	https://www.youtube.com/watch?v=Cs3-zgM2a9U	2023-11-30 15:48:44.708596+07	2023-11-30 15:48:44.708596+07	ruby-on-rails-from-novice-to-ninja
272	25 Solution Area code dictionary | Ruby on Rails Full Course | #ruby #rails #coding #web	8	https://www.youtube.com/watch?v=yCJDNFBu0KU	2023-11-30 15:48:44.708596+07	2023-11-30 15:48:44.708596+07	ruby-on-rails-from-novice-to-ninja
273	26 Practice what you have learnt | Ruby on Rails Full Course | Beginners #ruby #rails #coding #web	1	https://www.youtube.com/watch?v=qIyF5B8-9Xk	2023-11-30 15:48:44.708596+07	2023-11-30 15:48:44.708596+07	ruby-on-rails-from-novice-to-ninja
274	27 Introduction to Object Oriented Programming | Ruby on Rails Full Course #ruby #rails #coding #web	12	https://www.youtube.com/watch?v=kYbmhvnk8sM	2023-11-30 15:48:44.708596+07	2023-11-30 15:48:44.708596+07	ruby-on-rails-from-novice-to-ninja
275	28 Attributes, getters and setters | Ruby on Rails Full Course | for Beg.. #ruby #rails #coding #web	15	https://www.youtube.com/watch?v=E3i21CodIO4	2023-11-30 15:48:44.708596+07	2023-11-30 15:48:44.708596+07	ruby-on-rails-from-novice-to-ninja
276	29 Classes, Modules, Mixins 1 bcrypt | Ruby on Rails Full Course | #ruby #rails #coding #web #oops	8	https://www.youtube.com/watch?v=vJ1XnN27fiA	2023-11-30 15:48:44.708596+07	2023-11-30 15:48:44.708596+07	ruby-on-rails-from-novice-to-ninja
277	30 Classes, Modules, Mixins 2 methods | Ruby on Rails Full Course | #ruby #rails #coding #web	16	https://www.youtube.com/watch?v=ARefxHmYh28	2023-11-30 15:48:44.708596+07	2023-11-30 15:48:44.708596+07	ruby-on-rails-from-novice-to-ninja
278	31 Classes, Modules, Mixins 3 modules | Ruby on Rails Full Course | #ruby #rails #coding #web	17	https://www.youtube.com/watch?v=AXaze0ye2yA	2023-11-30 15:48:44.708596+07	2023-11-30 15:48:44.708596+07	ruby-on-rails-from-novice-to-ninja
279	32 "self" notation for method names | Ruby on Rails Full Course|Beginners #ruby #rails #coding #web	2	https://www.youtube.com/watch?v=mYMTI8KmVgU	2023-11-30 15:48:44.708596+07	2023-11-30 15:48:44.708596+07	ruby-on-rails-from-novice-to-ninja
280	33 Classes, Modules, Mixins 4 include | Ruby on Rails Full Course | #ruby #rails #coding #web	10	https://www.youtube.com/watch?v=FXkbokA75Vc	2023-11-30 15:48:44.708596+07	2023-11-30 15:48:44.708596+07	ruby-on-rails-from-novice-to-ninja
281	The Complete iOS 13 App Development Course	4	https://www.youtube.com/watch?v=UNH0bE4zPtY	2023-11-30 15:48:44.708596+07	2023-11-30 15:48:44.708596+07	swift-programming-for-ios-development
282	How Does an App Work?	8	https://www.youtube.com/watch?v=n7UFxV7zHKw	2023-11-30 15:48:44.708596+07	2023-11-30 15:48:44.708596+07	swift-programming-for-ios-development
283	How to Make an App	9	https://www.youtube.com/watch?v=HxssFtenD_M	2023-11-30 15:48:44.708596+07	2023-11-30 15:48:44.708596+07	swift-programming-for-ios-development
284	Developing for iOS: Tools and Materials	10	https://www.youtube.com/watch?v=FSo3uS1ZfiE	2023-11-30 15:48:44.708596+07	2023-11-30 15:48:44.708596+07	swift-programming-for-ios-development
285	Getting Set Up with Xcode	4	https://www.youtube.com/watch?v=paJ5FnJT6cI	2023-11-30 15:48:44.708596+07	2023-11-30 15:48:44.708596+07	swift-programming-for-ios-development
286	What We will Make: The "I am Rich" App	3	https://www.youtube.com/watch?v=nbF6g95LnYg	2023-11-30 15:48:44.708596+07	2023-11-30 15:48:44.708596+07	swift-programming-for-ios-development
287	How to create an iOS Project from Scratch in Xcode	6	https://www.youtube.com/watch?v=tzXUOAkWD6g	2023-11-30 15:48:44.708596+07	2023-11-30 15:48:44.708596+07	swift-programming-for-ios-development
288	A Walkthrough of the Xcode Development Environment	14	https://www.youtube.com/watch?v=Y2Y8dIx7EXc	2023-11-30 15:48:44.708596+07	2023-11-30 15:48:44.708596+07	swift-programming-for-ios-development
289	Lets Design the User Interface for our App!	17	https://www.youtube.com/watch?v=zzgqWRovVC8	2023-11-30 15:48:44.708596+07	2023-11-30 15:48:44.708596+07	swift-programming-for-ios-development
290	Lets Incorporate Some Image Assets	11	https://www.youtube.com/watch?v=7SlLLH0BGxg	2023-11-30 15:48:44.708596+07	2023-11-30 15:48:44.708596+07	swift-programming-for-ios-development
291	How to Design and Add an App Icon	9	https://www.youtube.com/watch?v=VilvtI6K6Yg	2023-11-30 15:48:44.708596+07	2023-11-30 15:48:44.708596+07	swift-programming-for-ios-development
292	Run Your App on Your iPhone or Simulator	13	https://www.youtube.com/watch?v=Fo1A36RsoCI	2023-11-30 15:48:44.708596+07	2023-11-30 15:48:44.708596+07	swift-programming-for-ios-development
293	What You will Make: The Dicee App	2	https://www.youtube.com/watch?v=YuLANfArajs	2023-11-30 15:48:44.708596+07	2023-11-30 15:48:44.708596+07	swift-programming-for-ios-development
294	Cloning from GitHub and How to Download the L.A.B. Project Stubs	9	https://www.youtube.com/watch?v=Rrf0ul01Ry8	2023-11-30 15:48:44.708596+07	2023-11-30 15:48:44.708596+07	swift-programming-for-ios-development
295	Design the Dicee Apps User Interface (UI)	10	https://www.youtube.com/watch?v=khNgd4bUm24	2023-11-30 15:48:44.708596+07	2023-11-30 15:48:44.708596+07	swift-programming-for-ios-development
296	Lets Link the Design to your Code	23	https://www.youtube.com/watch?v=F730CPdnfdI	2023-11-30 15:48:44.708596+07	2023-11-30 15:48:44.708596+07	swift-programming-for-ios-development
297	Responding to User Interactions with IBActions	8	https://www.youtube.com/watch?v=OoHD9L9Ix_M	2023-11-30 15:48:44.708596+07	2023-11-30 15:48:44.708596+07	swift-programming-for-ios-development
298	Swift Deep Dive: Naming Conventions, Commenting and String Interpolation	9	https://www.youtube.com/watch?v=NVUlchb8S2w	2023-11-30 15:48:44.708596+07	2023-11-30 15:48:44.708596+07	swift-programming-for-ios-development
299	Storing Data using Variables and Arrays	17	https://www.youtube.com/watch?v=ag1BEpRRCrE	2023-11-30 15:48:44.708596+07	2023-11-30 15:48:44.708596+07	swift-programming-for-ios-development
300	Swift Deep Dive: Variables	11	https://www.youtube.com/watch?v=pqhNVC-G5F4	2023-11-30 15:48:44.708596+07	2023-11-30 15:48:44.708596+07	swift-programming-for-ios-development
301	Swift Deep Dive: Arrays	7	https://www.youtube.com/watch?v=_HfGCrbWxMw	2023-11-30 15:48:44.708596+07	2023-11-30 15:48:44.708596+07	swift-programming-for-ios-development
302	How to Randomise the Dice Images	15	https://www.youtube.com/watch?v=oXo7pzMbz70	2023-11-30 15:48:44.708596+07	2023-11-30 15:48:44.708596+07	swift-programming-for-ios-development
303	Swift Deep Dive: Constants, the Range Operator and Randomisation	15	https://www.youtube.com/watch?v=7xMOwmIe6LA	2023-11-30 15:48:44.708596+07	2023-11-30 15:48:44.708596+07	swift-programming-for-ios-development
304	Android Application Development using Kotlin: Beginners Tutorials [ FREE COURSE ] Overview	4	https://www.youtube.com/watch?v=e7WIPwRd2s8	2023-11-30 15:48:44.708596+07	2023-11-30 15:48:44.708596+07	kotlin-development-for-android
305	Android: Introduction to Kotlin Language. Is Java Dead? Android Tutorial using Kotlin #1.1	7	https://www.youtube.com/watch?v=CsxpHOQKk8c	2023-11-30 15:48:44.708596+07	2023-11-30 15:48:44.708596+07	kotlin-development-for-android
306	Install Android Studio and JDK on Mac, Windows and Linux ( Ubuntu ) #1.2	7	https://www.youtube.com/watch?v=k4AfStT5dk8	2023-11-30 15:48:44.708596+07	2023-11-30 15:48:44.708596+07	kotlin-development-for-android
307	Android with Kotlin Tutorial: First Android App using Kotlin in Android Studio #1.3	11	https://www.youtube.com/watch?v=rKnx_zdPyzM	2023-11-30 15:48:44.708596+07	2023-11-30 15:48:44.708596+07	kotlin-development-for-android
308	Android Kotlin Tutorial: How to run Android app in Emulator [ AVD ] #1.4	12	https://www.youtube.com/watch?v=JCXYtOtRRSs	2023-11-30 15:48:44.708596+07	2023-11-30 15:48:44.708596+07	kotlin-development-for-android
309	Kotlin Android Tutorial for Beginners: Explore Android Project Structure and Directories #1.5	9	https://www.youtube.com/watch?v=Y6JJ4qZhhAI	2023-11-30 15:48:44.708596+07	2023-11-30 15:48:44.708596+07	kotlin-development-for-android
310	Kotlin Android Tutorial: Explore Activity, User Interface and Views #2.1	8	https://www.youtube.com/watch?v=RpHXPIm9j6s	2023-11-30 15:48:44.708596+07	2023-11-30 15:48:44.708596+07	kotlin-development-for-android
311	Kotlin Android Tutorial: Designing Layouts ( User Interface ) and Handle button click events #2.2	9	https://www.youtube.com/watch?v=fcGZAZ30XNk	2023-11-30 15:48:44.708596+07	2023-11-30 15:48:44.708596+07	kotlin-development-for-android
312	Kotlin Android: Use Explicit Intent to Navigate between Activities and Explore Toast Message #2.3	10	https://www.youtube.com/watch?v=zYrncPzx2tE	2023-11-30 15:48:44.708596+07	2023-11-30 15:48:44.708596+07	kotlin-development-for-android
313	Kotlin Android Tutorial: Share Data between Activities using Explicit Intent #2.4	10	https://www.youtube.com/watch?v=rLTrM7Lgq4s	2023-11-30 15:48:44.708596+07	2023-11-30 15:48:44.708596+07	kotlin-development-for-android
314	Android Kotlin Tutorial: Share Data using Implicit Intent to Facebook, Instagram, WhatsApp #2.5	9	https://www.youtube.com/watch?v=CC79Qz6n22c	2023-11-30 15:48:44.708596+07	2023-11-30 15:48:44.708596+07	kotlin-development-for-android
315	Android RecyclerView Tutorial and CardView Tutorial using Kotlin #3.1	7	https://www.youtube.com/watch?v=lLQWJS-WPo4	2023-11-30 15:48:44.708596+07	2023-11-30 15:48:44.708596+07	kotlin-development-for-android
316	Android Integrate RecyclerView and CardView Dependency in Gradle. Android Kotlin Tutorial #3.2	4	https://www.youtube.com/watch?v=iepWnIHP7t8	2023-11-30 15:48:44.708596+07	2023-11-30 15:48:44.708596+07	kotlin-development-for-android
317	Android Model Class using Data Class of Kotlin. Android Kotlin Tutorial #3.3	3	https://www.youtube.com/watch?v=bfPBa8cLqqg	2023-11-30 15:48:44.708596+07	2023-11-30 15:48:44.708596+07	kotlin-development-for-android
318	Android Custom RecyclerView Adapter example. Android Kotlin Tutorial. #3.4	8	https://www.youtube.com/watch?v=E3x6pCZutLA	2023-11-30 15:48:44.708596+07	2023-11-30 15:48:44.708596+07	kotlin-development-for-android
319	Android Kotlin Tutorial: Link RecyclerView with Custom RecyclerView.Adapter #3.5	9	https://www.youtube.com/watch?v=HXz6618Zzn8	2023-11-30 15:48:44.708596+07	2023-11-30 15:48:44.708596+07	kotlin-development-for-android
320	Android Kotlin Tutorial: Implement various Kotlin Features in Android App #4.1	6	https://www.youtube.com/watch?v=2C_OmcDorJI	2023-11-30 15:48:44.708596+07	2023-11-30 15:48:44.708596+07	kotlin-development-for-android
321	Android: Implementing Extension Function. Android Kotlin Tutorial #4.2	5	https://www.youtube.com/watch?v=K1u8S2e41LA	2023-11-30 15:48:44.708596+07	2023-11-30 15:48:44.708596+07	kotlin-development-for-android
322	Android Kotlin Tutorial: Use Default Parameters in Android #4.3	3	https://www.youtube.com/watch?v=BRqfjvEVuuc	2023-11-30 15:48:44.708596+07	2023-11-30 15:48:44.708596+07	kotlin-development-for-android
323	Android Kotlin Tutorial: Use Null Safety Operators to make code robust #4.4	5	https://www.youtube.com/watch?v=7JqvW898M1w	2023-11-30 15:48:44.708596+07	2023-11-30 15:48:44.708596+07	kotlin-development-for-android
324	Android Kotlin Tutorial: Companion Object and Object Declarations. Static in Kotlin #4.5	9	https://www.youtube.com/watch?v=buhk5TRX_rw	2023-11-30 15:48:44.708596+07	2023-11-30 15:48:44.708596+07	kotlin-development-for-android
325	Android String Localization using Kotlin: Support different Languages and Culture #5.1	14	https://www.youtube.com/watch?v=XNFz97zqN-E	2023-11-30 15:48:44.708596+07	2023-11-30 15:48:44.708596+07	kotlin-development-for-android
326	Android Create Launcher Icons using Image Asset Studio Manager in Kotlin #5.2	6	https://www.youtube.com/watch?v=6wPa8nQOKi4	2023-11-30 15:48:44.708596+07	2023-11-30 15:48:44.708596+07	kotlin-development-for-android
327	Kotlin Android Tutorial: Apply Material Design Colors to your App. #5.3	7	https://www.youtube.com/watch?v=DGk3ELTSA-g	2023-11-30 15:48:44.708596+07	2023-11-30 15:48:44.708596+07	kotlin-development-for-android
328	Android Kotlin Tutorial: Apply Material Design Themes to your App #5.4	4	https://www.youtube.com/watch?v=oShPHVG3c9o	2023-11-30 15:48:44.708596+07	2023-11-30 15:48:44.708596+07	kotlin-development-for-android
329	Android Create Developer Account. Signup for Google Play Developer Console #6.1	2	https://www.youtube.com/watch?v=N4LjIy86J2Q	2023-11-30 15:48:44.708596+07	2023-11-30 15:48:44.708596+07	kotlin-development-for-android
330	Android Export Signed APK in Android Studio. Android Kotlin Tutorial #6.2	5	https://www.youtube.com/watch?v=nSBUPuxctzA	2023-11-30 15:48:44.708596+07	2023-11-30 15:48:44.708596+07	kotlin-development-for-android
331	Android Publish your Android App to Google Play store using Developer Console #6.3	12	https://www.youtube.com/watch?v=JG0GJ7k7Tlk	2023-11-30 15:48:44.708596+07	2023-11-30 15:48:44.708596+07	kotlin-development-for-android
332	Android Application Development using Kotlin: Beginners Tutorials [ FREE COURSE ] Summary	1	https://www.youtube.com/watch?v=_g4EfLq5ACI	2023-11-30 15:48:44.708596+07	2023-11-30 15:48:44.708596+07	kotlin-development-for-android
333	Go (Golang) Tutorial #1 - Introduction & Setup	6	https://www.youtube.com/watch?v=etSN4X_fCnM	2023-11-30 15:48:44.708596+07	2023-11-30 15:48:44.708596+07	go-programming-language-mastering-the-basics
334	Go (Golang) Tutorial #2 - Your First Go File	4	https://www.youtube.com/watch?v=RI9ngRqn9N4	2023-11-30 15:48:44.708596+07	2023-11-30 15:48:44.708596+07	go-programming-language-mastering-the-basics
335	Go (Golang) Tutorial #3 - Variables, Strings & Numbers	13	https://www.youtube.com/watch?v=98tQPM3R3qU	2023-11-30 15:48:44.708596+07	2023-11-30 15:48:44.708596+07	go-programming-language-mastering-the-basics
336	Go (Golang) Tutorial #4 - Printing & Formatting Strings	12	https://www.youtube.com/watch?v=m1Uy0WQ2Xns	2023-11-30 15:48:44.708596+07	2023-11-30 15:48:44.708596+07	go-programming-language-mastering-the-basics
337	Go (Golang) Tutorial #5 - Arrays & Slices	10	https://www.youtube.com/watch?v=Arb-LjPg7FA	2023-11-30 15:48:44.708596+07	2023-11-30 15:48:44.708596+07	go-programming-language-mastering-the-basics
338	Go (Golang) Tutorial #6 - The Standard Library	12	https://www.youtube.com/watch?v=BoooHY57RXw	2023-11-30 15:48:44.708596+07	2023-11-30 15:48:44.708596+07	go-programming-language-mastering-the-basics
339	Go (Golang) Tutorial #7 - Loops	8	https://www.youtube.com/watch?v=CL13xV2dHCg	2023-11-30 15:48:44.708596+07	2023-11-30 15:48:44.708596+07	go-programming-language-mastering-the-basics
340	Go (Golang) Tutorial #8 - Booleans & Conditionals	8	https://www.youtube.com/watch?v=d5oUb2T2iCE	2023-11-30 15:48:44.708596+07	2023-11-30 15:48:44.708596+07	go-programming-language-mastering-the-basics
341	Go (Golang) Tutorial #9 - Using Functions	10	https://www.youtube.com/watch?v=X68JmClzap4	2023-11-30 15:48:44.708596+07	2023-11-30 15:48:44.708596+07	go-programming-language-mastering-the-basics
342	Go (Golang) Tutorial #10 - Multiple Return Values	8	https://www.youtube.com/watch?v=ypV7r1ODZCA	2023-11-30 15:48:44.708596+07	2023-11-30 15:48:44.708596+07	go-programming-language-mastering-the-basics
343	Go (Golang) Tutorial #11 - Package Scope	6	https://www.youtube.com/watch?v=XYK4Rs80q6c	2023-11-30 15:48:44.708596+07	2023-11-30 15:48:44.708596+07	go-programming-language-mastering-the-basics
344	Go (Golang) Tutorial #12 - Maps	6	https://www.youtube.com/watch?v=v3RodjH1i6c	2023-11-30 15:48:44.708596+07	2023-11-30 15:48:44.708596+07	go-programming-language-mastering-the-basics
345	Go (Golang) Tutorial #13 - Pass By Value	9	https://www.youtube.com/watch?v=LBLN4Wu5U4w	2023-11-30 15:48:44.708596+07	2023-11-30 15:48:44.708596+07	go-programming-language-mastering-the-basics
346	Go (Golang) Tutorial #14 - Pointers	9	https://www.youtube.com/watch?v=4B2rwYvuiBo	2023-11-30 15:48:44.708596+07	2023-11-30 15:48:44.708596+07	go-programming-language-mastering-the-basics
347	Go (Golang) Tutorial #15 - Structs & Custom Types	5	https://www.youtube.com/watch?v=zfMhSFpBSaw	2023-11-30 15:48:44.708596+07	2023-11-30 15:48:44.708596+07	go-programming-language-mastering-the-basics
348	Go (Golang) Tutorial #16 - Receiver Functions	10	https://www.youtube.com/watch?v=HE6tbWlymmk	2023-11-30 15:48:44.708596+07	2023-11-30 15:48:44.708596+07	go-programming-language-mastering-the-basics
349	Go (Golang) Tutorial #17 - Receiver Functions with Pointers	7	https://www.youtube.com/watch?v=cgBA5k50At8	2023-11-30 15:48:44.708596+07	2023-11-30 15:48:44.708596+07	go-programming-language-mastering-the-basics
350	Go (Golang) Tutorial #18 - User Input	14	https://www.youtube.com/watch?v=20HlPtQuc_g	2023-11-30 15:48:44.708596+07	2023-11-30 15:48:44.708596+07	go-programming-language-mastering-the-basics
351	Go (Golang) Tutorial #19 - Switch Statements	7	https://www.youtube.com/watch?v=l6zlJFJst8o	2023-11-30 15:48:44.708596+07	2023-11-30 15:48:44.708596+07	go-programming-language-mastering-the-basics
352	Go (Golang) Tutorial #20 - Parsing Floats	6	https://www.youtube.com/watch?v=ipUWKRPw43I	2023-11-30 15:48:44.708596+07	2023-11-30 15:48:44.708596+07	go-programming-language-mastering-the-basics
353	Go (Golang) Tutorial #21 - Saving Files	4	https://www.youtube.com/watch?v=J88pG3NeRoA	2023-11-30 15:48:44.708596+07	2023-11-30 15:48:44.708596+07	go-programming-language-mastering-the-basics
354	Go (Golang) Tutorial #22 - Interfaces	5	https://www.youtube.com/watch?v=lbW-KVdIXaY	2023-11-30 15:48:44.708596+07	2023-11-30 15:48:44.708596+07	go-programming-language-mastering-the-basics
\.


--
-- Data for Name: courses_rating; Type: TABLE DATA; Schema: public; Owner: akai
--

COPY public.courses_rating (id, course_slug, rating, comment, "timestamp", user_id) FROM stdin;
10	javascript-essentials	4	asdsadsadasd 	2023-12-08 00:27:33.101257+07	4
11	python-programming-fundamentals	5	Khoa hoc rat hay va bo ich.	2023-12-08 15:25:53.966328+07	4
12	python-programming-fundamentals	4	sadasdasdasdasdasd	2023-12-08 15:27:50.371993+07	4
13	python-programming-fundamentals	4	sadasdasdasdasdasd	2023-12-08 15:29:01.914702+07	4
14	java-development-for-beginners	3	sadasdas	2023-12-08 15:29:16.421069+07	4
15	web-development-with-php	4	This course is wonderful.	2023-12-08 15:31:14.829708+07	4
16	r-programming-for-data-science	4	Nice.	2023-12-08 15:33:05.531892+07	4
\.


--
-- Data for Name: django_admin_log; Type: TABLE DATA; Schema: public; Owner: akai
--

COPY public.django_admin_log (id, action_time, object_id, object_repr, action_flag, change_message, content_type_id, user_id) FROM stdin;
1	2023-11-22 19:01:24.474858+07	1	Data Science	1	[{"added": {}}]	8	4
2	2023-11-22 19:02:01.750708+07	2	Web Development	1	[{"added": {}}]	8	4
3	2023-11-22 19:02:16.730711+07	3	Programming Languages	1	[{"added": {}}]	8	4
4	2023-11-22 19:02:30.584357+07	4	Mobile Development	1	[{"added": {}}]	8	4
5	2023-11-22 19:03:07.925543+07	5	Software Engineering	1	[{"added": {}}]	8	4
6	2023-11-22 19:03:16.620982+07	6	Software Testing	1	[{"added": {}}]	8	4
7	2023-11-22 19:03:58.871618+07	7	Database	1	[{"added": {}}]	8	4
8	2023-11-22 19:07:29.857974+07	python	Python	1	[{"added": {}}]	9	4
9	2023-11-23 00:01:58.909688+07	javascript	JavaScript	1	[{"added": {}}]	9	4
10	2023-11-23 12:16:02.145747+07	1	Lesson1	1	[{"added": {}}]	10	4
11	2023-11-23 12:19:12.994512+07	2	Lesson2	1	[{"added": {}}]	10	4
12	2023-11-23 12:41:51.988698+07	3	Lesson3	1	[{"added": {}}]	10	4
13	2023-11-30 13:40:15.959431+07	python	Python	3		9	4
14	2023-11-30 13:40:15.967158+07	javascript	JavaScript	3		9	4
15	2023-11-30 14:18:37.306718+07	19	Lesson 16: I Created a New Q&A Website for Coders with Python | Devlog #1	2	[{"changed": {"fields": ["Title", "Duration"]}}]	10	4
16	2023-11-30 14:18:55.036838+07	18	Lesson 15: How To Create A Twitter Bot With Python | Build a Startup #4	2	[{"changed": {"fields": ["Title", "Duration"]}}]	10	4
17	2023-11-30 14:19:09.172767+07	17	Lesson 14: 6 Python Exercise Problems for Beginners - from CodingBat (Python Tutorial #14)	2	[{"changed": {"fields": ["Title", "Duration"]}}]	10	4
18	2023-11-30 14:19:21.854868+07	16	Lesson 13: How To Use Sets in Python (Python Tutorial #13)	2	[{"changed": {"fields": ["Title", "Duration"]}}]	10	4
19	2023-11-30 14:19:34.095412+07	15	Lesson 12: List Comprehension Basics with Python (Python Tutorial #12)	2	[{"changed": {"fields": ["Title", "Duration"]}}]	10	4
20	2023-11-30 14:21:23.065381+07	14	Lesson 11: Using Boolean in Python (Python Tutorial #11)	2	[{"changed": {"fields": ["Title", "Duration"]}}]	10	4
21	2023-11-30 14:21:33.758539+07	13	Lesson 10: Classes and Objects with Python - Part 2 (Python Tutorial #10)	2	[{"changed": {"fields": ["Title", "Duration"]}}]	10	4
22	2023-11-30 14:21:46.885724+07	11	Lesson 8: How To Use Dictionaries In Python (Python Tutorial #8)	2	[{"changed": {"fields": ["Title", "Duration"]}}]	10	4
23	2023-11-30 14:22:00.693868+07	10	Lesson 7: List Comprehension Basics with Python (Python Tutorial #12)	2	[{"changed": {"fields": ["Title", "Duration"]}}]	10	4
24	2023-11-30 14:22:27.63464+07	12	Lesson 9: Classes and Objects with Python - Part 1 (Python Tutorial #9)	2	[{"changed": {"fields": ["Title", "Duration"]}}]	10	4
25	2023-11-30 14:22:54.144901+07	10	Lesson 7: More About For Loops in Python & Solutions to the Last 2 Problems (Python Tutorial #7)	2	[{"changed": {"fields": ["Title", "Duration"]}}]	10	4
26	2023-11-30 14:23:07.01431+07	9	Lesson 6: While Loops and The Break Statement in Python (Python Tutorial #6)	2	[{"changed": {"fields": ["Title", "Duration"]}}]	10	4
27	2023-11-30 14:23:22.05723+07	8	Lesson 5: Introduction to For Loops in Python (Python Tutorial #5)	2	[{"changed": {"fields": ["Title", "Duration"]}}]	10	4
28	2023-11-30 14:31:16.080255+07	19	Lesson 16: I Created a New Q&A Website for Coders with Python | Devlog #1	3		10	4
29	2023-11-30 14:31:16.086346+07	18	Lesson 15: How To Create A Twitter Bot With Python | Build a Startup #4	3		10	4
30	2023-11-30 14:31:16.088728+07	17	Lesson 14: 6 Python Exercise Problems for Beginners - from CodingBat (Python Tutorial #14)	3		10	4
31	2023-11-30 14:31:16.091072+07	16	Lesson 13: How To Use Sets in Python (Python Tutorial #13)	3		10	4
32	2023-11-30 14:31:16.093213+07	15	Lesson 12: List Comprehension Basics with Python (Python Tutorial #12)	3		10	4
33	2023-11-30 14:31:16.09539+07	14	Lesson 11: Using Boolean in Python (Python Tutorial #11)	3		10	4
34	2023-11-30 14:31:16.09766+07	13	Lesson 10: Classes and Objects with Python - Part 2 (Python Tutorial #10)	3		10	4
35	2023-11-30 14:31:16.099876+07	12	Lesson 9: Classes and Objects with Python - Part 1 (Python Tutorial #9)	3		10	4
36	2023-11-30 14:31:16.102378+07	11	Lesson 8: How To Use Dictionaries In Python (Python Tutorial #8)	3		10	4
37	2023-11-30 14:31:16.105285+07	10	Lesson 7: More About For Loops in Python & Solutions to the Last 2 Problems (Python Tutorial #7)	3		10	4
38	2023-11-30 14:31:16.107847+07	9	Lesson 6: While Loops and The Break Statement in Python (Python Tutorial #6)	3		10	4
39	2023-11-30 14:31:16.11+07	8	Lesson 5: Introduction to For Loops in Python (Python Tutorial #5)	3		10	4
40	2023-11-30 14:31:16.112329+07	7	Lesson 4: Functions in Python	3		10	4
41	2023-11-30 14:31:16.114601+07	6	Lesson 3: Control Flow and Conditional Statements	3		10	4
42	2023-11-30 14:31:16.116737+07	5	Lesson 2: Python Variables and Data Types	3		10	4
43	2023-11-30 14:31:16.119063+07	4	Lesson 1: Getting Started with Python	3		10	4
44	2023-11-30 15:23:31.563175+07	109	Permutation Hypothesis Test in R with Examples | R Tutorial 4.6 | MarinStatsLectures	3		10	4
45	2023-11-30 15:23:31.566754+07	108	Bootstrap Confidence Interval with R | R Video Tutorial 4.5 | MarinStatsLectures	3		10	4
46	2023-11-30 15:23:31.569225+07	107	Bootstrap Hypothesis Testing in R with Example | R Video Tutorial 4.4 | MarinStatsLecutres	3		10	4
47	2023-11-30 15:23:31.572062+07	106	Mann Whitney U / Wilcoxon Rank-Sum Test in R | R Tutorial 4.3 | MarinStatsLectures	3		10	4
48	2023-11-30 15:23:31.574874+07	105	Two-Sample t Test in R (Independent Groups) with Example | R Tutorial 4.2 | MarinStatsLectures	3		10	4
49	2023-11-30 15:23:31.577982+07	104	One-Sample t Test & Confidence Interval in R with Example | R Tutorial 4.1| MarinStatsLectures	3		10	4
50	2023-11-30 15:23:31.580684+07	103	t Distribution and t Scores in R | R Tutorial 3.4 | MarinStatsLectures	3		10	4
51	2023-11-30 15:23:31.58311+07	102	Normal Distribution, Z Scores, and Normal Probabilities in R | R Tutorial 3.3| MarinStatslectures	3		10	4
52	2023-11-30 15:23:31.585697+07	101	Poisson Distribution in R | R Tutorial 3.2 | MarinStatsLectures	3		10	4
53	2023-11-30 15:23:31.615455+07	100	Binomial Distribution in R | R Tutorial 3.1| MarinStatsLectures	3		10	4
54	2023-11-30 15:23:31.618209+07	99	Add and Customize Legends to Plots in R | R Tutorial 2.11| MarinStatsLectures	3		10	4
55	2023-11-30 15:23:31.621351+07	98	Add and Customize Text in Plots with R | R Tutorial 2.10 | MarinStatsLectures	3		10	4
56	2023-11-30 15:23:31.623528+07	97	How to Modify and Customize Plots in R | R Tutorial 2.9 | MarinStatsLectures	3		10	4
57	2023-11-30 15:23:31.625829+07	96	Calculating Mean, Standard Deviation, Frequencies and More in R | R Tutorial 2.8| MarinStatsLectures	3		10	4
58	2023-11-30 15:23:31.628305+07	95	Scatterplots in R | R Tutorial 2.7 | MarinStatsLectures	3		10	4
59	2023-11-30 15:23:31.630546+07	94	Stacked and Grouped Bar Charts and Mosaic Plots in R |R Tutorial 2.6| MarinStatsLectures	3		10	4
60	2023-11-30 15:23:31.633107+07	93	Stem and Leaf Plots in R  | R Tutorial 2.5 | MarinStatsLectures	3		10	4
61	2023-11-30 15:23:31.635669+07	92	Histograms in R | R Tutorial 2.4 | MarinStatsLectures	3		10	4
62	2023-11-30 15:23:31.638533+07	91	Box Plots with Two Factors (Stratified Boxplots) in R | R Tutorial 2.3 | MarinStatsLectures	3		10	4
63	2023-11-30 15:23:31.641136+07	90	Boxplots and Grouped Boxplots in R | R Tutorial 2.2 | MarinStatsLectures	3		10	4
64	2023-11-30 15:23:31.643776+07	89	Bar Charts and Pie Charts in R | R Tutorial 2.1 | MarinStatsLectures	3		10	4
65	2023-11-30 15:23:31.646276+07	88	tApply Function in R | R Tutorial 1.16 | MarinStatsLectures	3		10	4
66	2023-11-30 15:23:31.648988+07	87	Apply Function in R  | R Tutorial 1.15 | MarinStatsLectures	3		10	4
67	2023-11-30 15:23:31.651336+07	86	Customizing The Look of R Studio | R Tutorial 1.14 | MarinStatsLectures	3		10	4
68	2023-11-30 15:23:31.653824+07	85	How to Install Packages in R | R Tutorial 1.13 | MarinStatsLectures	3		10	4
69	2023-11-30 15:23:31.656232+07	84	Writing Scripts in R | R Tutorial 1.12 | MarinStatsLectures	3		10	4
70	2023-11-30 15:23:31.658503+07	83	Setting Up Working Directory in R | R Tutorial 1.11 | MarinStatsLectures	3		10	4
71	2023-11-30 15:23:31.661376+07	82	Logic Statements (TRUE/FALSE), cbind and rbind Functions in R | R Tutorial 1.10| MarinStatsLectures	3		10	4
72	2023-11-30 15:23:31.664143+07	81	Subsetting (Sort/Select) Data in R with Square Brackets | R Tutorial 1.9| MarinStatsLectures	3		10	4
73	2023-11-30 15:23:31.666892+07	80	Working with Variables and Data in R | R Tutorial 1.8 | MarinStatslectures	3		10	4
74	2023-11-30 15:23:31.669416+07	79	Importing , Checking and Working with Data in R | R Tutorial 1.7 | MarinStatsLectures	3		10	4
75	2023-11-30 15:23:31.672015+07	78	Export Data from R (csv , txt and other formats) | R Tutorial 1.6 | MarinStatsLectures	3		10	4
76	2023-11-30 15:23:31.67437+07	77	Importing/Reading Excel data into R using RStudio (readxl) | R Tutorial 1.5b | MarinStatsLectures	3		10	4
77	2023-11-30 15:23:31.676807+07	76	Import Data, Copy Data from Excel to R CSV & TXT Files | R Tutorial 1.5 | MarinStatsLectures	3		10	4
78	2023-11-30 15:23:31.679474+07	75	Create and Work with Vectors and Matrices in R | R Tutorial 1.4 | MarinStatslectures	3		10	4
79	2023-11-30 15:23:31.682178+07	74	Getting started with R: Basic Arithmetic and Coding in R | R Tutorial 1.3 | MarinStatsLectures	3		10	4
80	2023-11-30 15:23:31.684669+07	73	What is RStudio and Why Should You Download It? | R Tutorial 1.1 | MarinStatsLectures	3		10	4
81	2023-12-01 08:48:50.254772+07	introduction-to-software-engineering	Introduction to Software Engineering	2	[{"changed": {"fields": ["Category"]}}]	9	4
82	2023-12-01 08:49:45.925517+07	agile-development-practices	Agile Development Practices	2	[{"changed": {"fields": ["Category", "Short description"]}}]	9	4
83	2023-12-01 08:50:15.604527+07	software-architecture-and-design-patterns	Software Architecture and Design Patterns	2	[{"changed": {"fields": ["Category", "Short description"]}}]	9	4
84	2023-12-01 08:50:33.224659+07	quality-assurance-and-testing-in-software-engineering	Quality Assurance and Testing in Software Engineering	2	[{"changed": {"fields": ["Category", "Short description"]}}]	9	4
85	2023-12-01 08:58:38.483779+07	devops-practices-and-continuous-integration	DevOps Practices and Continuous Integration	2	[{"changed": {"fields": ["Category", "Short description"]}}]	9	4
86	2023-12-01 08:59:09.339309+07	software-architecture	Software Architecture and Design Patterns	3		9	4
87	2023-12-01 08:59:42.165489+07	qa-testing	Quality Assurance and Testing in Software Engineering	3		9	4
88	2023-12-01 08:59:42.170762+07	intro-to-se	Introduction to Software Engineering	3		9	4
89	2023-12-01 08:59:42.175823+07	devops-ci	DevOps Practices and Continuous Integration	3		9	4
90	2023-12-01 09:00:12.953372+07	software-security-and-ethical-hacking	Software Security and Ethical Hacking	2	[{"changed": {"fields": ["Category", "Short description"]}}]	9	4
91	2023-12-01 09:00:24.100639+07	software-security	Software Security and Ethical Hacking	3		9	4
92	2023-12-01 09:00:51.135059+07	5	Software Engineering	2	[]	8	4
93	2023-12-01 09:00:56.075201+07	web-development-with-django	Web Development with Django	2	[{"changed": {"fields": ["Category"]}}]	9	4
94	2023-12-01 09:01:15.529863+07	web-dev-django	Web Development with Django	3		9	4
95	2023-12-03 17:58:12.839309+07	web-development-with-php	Web Development with PHP	2	[{"changed": {"fields": ["Rating"]}}]	9	4
96	2023-12-03 17:58:26.005446+07	web-development-with-django	Web Development with Django	2	[{"changed": {"fields": ["Rating"]}}]	9	4
97	2023-12-03 17:58:34.779574+07	software-architecture-and-design-patterns	Software Architecture and Design Patterns	2	[{"changed": {"fields": ["Rating"]}}]	9	4
98	2023-12-06 10:45:58.493087+07	web-development-with-php	Web Development with PHP	2	[{"changed": {"fields": ["Thumbnail"]}}]	9	4
99	2023-12-06 10:47:06.967411+07	web-development-with-django	Web Development with Django	2	[{"changed": {"fields": ["Thumbnail"]}}]	9	4
100	2023-12-06 10:48:28.155968+07	swift-programming-for-ios-development	Swift Programming for iOS Development	2	[{"changed": {"fields": ["Thumbnail"]}}]	9	4
101	2023-12-06 10:49:30.614322+07	software-security-and-ethical-hacking	Software Security and Ethical Hacking	2	[{"changed": {"fields": ["Thumbnail"]}}]	9	4
102	2023-12-06 10:50:40.299584+07	software-architecture-and-design-patterns	Software Architecture and Design Patterns	2	[{"changed": {"fields": ["Thumbnail"]}}]	9	4
103	2023-12-06 10:51:41.679844+07	ruby-on-rails-from-novice-to-ninja	Ruby on Rails: From Novice to Ninja	2	[{"changed": {"fields": ["Thumbnail"]}}]	9	4
104	2023-12-06 10:52:46.700975+07	r-programming-for-data-science	R Programming for Data Science	2	[{"changed": {"fields": ["Thumbnail"]}}]	9	4
105	2023-12-06 10:53:32.097717+07	quality-assurance-and-testing-in-software-engineering	Quality Assurance and Testing in Software Engineering	2	[{"changed": {"fields": ["Thumbnail"]}}]	9	4
106	2023-12-06 10:54:30.497252+07	python-programming-fundamentals	Python Programming Fundamentals	2	[{"changed": {"fields": ["Thumbnail"]}}]	9	4
107	2023-12-06 10:55:14.398776+07	mobile-app-development-with-react-native	Mobile App Development with React Native	2	[{"changed": {"fields": ["Thumbnail"]}}]	9	4
108	2023-12-06 10:55:41.746045+07	mobile-dev-react-native	Mobile App Development with React Native	3		9	4
109	2023-12-06 10:56:16.327633+07	agile-development	Agile Development Practices	3		9	4
110	2023-12-06 10:57:00.701104+07	kotlin-development-for-android	Kotlin Development for Android	2	[{"changed": {"fields": ["Thumbnail"]}}]	9	4
111	2023-12-06 10:57:20.259124+07	javascript-essentials	JavaScript Essentials	2	[{"changed": {"fields": ["Thumbnail"]}}]	9	4
112	2023-12-06 10:58:05.010434+07	java-development-for-beginners	Java Development for Beginners	2	[{"changed": {"fields": ["Thumbnail"]}}]	9	4
113	2023-12-06 10:59:04.389939+07	introduction-to-software-engineering	Introduction to Software Engineering	2	[{"changed": {"fields": ["Thumbnail"]}}]	9	4
114	2023-12-06 11:00:00.728071+07	go-programming-language-mastering-the-basics	Go Programming Language: Mastering the Basics	2	[{"changed": {"fields": ["Thumbnail"]}}]	9	4
115	2023-12-06 11:00:49.049591+07	devops-practices-and-continuous-integration	DevOps Practices and Continuous Integration	2	[{"changed": {"fields": ["Thumbnail"]}}]	9	4
116	2023-12-06 11:01:31.514452+07	c-programming-for-advanced-users	C++ Programming for Advanced Users	2	[{"changed": {"fields": ["Thumbnail"]}}]	9	4
117	2023-12-06 11:02:12.21028+07	c-programming-for-advanced-users	C++ Programming for Advanced Users	3		9	4
118	2023-12-06 11:02:23.064864+07	c-programming-for-advanced-users	C++ Programming for Advanced Users	2	[{"changed": {"fields": ["Thumbnail"]}}]	9	4
119	2023-12-06 11:02:31.697014+07	c-programming-for-advanced-users	C++ Programming for Advanced Users	3		9	4
120	2023-12-06 11:02:39.722536+07	c-programming-for-advanced-users	C++ Programming for Advanced Users	2	[{"changed": {"fields": ["Thumbnail"]}}]	9	4
121	2023-12-06 11:03:25.964326+07	c-programming-for-advanced-users	C++ Programming for Advanced Users	3		9	4
122	2023-12-06 11:03:36.495709+07	c-programming-for-advanced-users	C++ Programming for Advanced Users	2	[{"changed": {"fields": ["Thumbnail"]}}]	9	4
123	2023-12-06 11:03:59.548536+07	c-programming-for-advanced-users	C++ Programming for Advanced Users	2	[]	9	4
124	2023-12-06 11:07:33.69561+07	c-programming-for-advanced-users	C++ Programming for Advanced Users	2	[{"changed": {"fields": ["Thumbnail"]}}]	9	4
125	2023-12-06 11:08:01.332789+07	c-programming-for-advanced-users	C++ Programming for Advanced Users	3		9	4
126	2023-12-06 11:08:13.08797+07	cpp-programming-for-advanced-users	Cpp Programming for Advanced Users	2	[{"changed": {"fields": ["Title", "Thumbnail"]}}]	9	4
127	2023-12-06 11:08:21.020314+07	c-programming-for-advanced-users	C++ Programming for Advanced Users	2	[{"changed": {"fields": ["Title"]}}]	9	4
128	2023-12-06 11:08:27.485237+07	c-programming-for-advanced-users	C++ Programming for Advanced Users	3		9	4
129	2023-12-06 11:09:22.41767+07	agile-development-practices	Agile Development Practices	2	[{"changed": {"fields": ["Thumbnail"]}}]	9	4
\.


--
-- Data for Name: django_content_type; Type: TABLE DATA; Schema: public; Owner: akai
--

COPY public.django_content_type (id, app_label, model) FROM stdin;
1	admin	logentry
2	auth	permission
3	auth	group
4	contenttypes	contenttype
5	sessions	session
6	accounts	user
7	udemy	enroll
8	courses	category
9	courses	course
10	courses	lesson
11	udemy	wishlist
12	courses	rating
\.


--
-- Data for Name: django_migrations; Type: TABLE DATA; Schema: public; Owner: akai
--

COPY public.django_migrations (id, app, name, applied) FROM stdin;
1	contenttypes	0001_initial	2023-11-21 22:31:43.911109+07
2	contenttypes	0002_remove_content_type_name	2023-11-21 22:31:43.918827+07
3	auth	0001_initial	2023-11-21 22:31:43.979512+07
4	auth	0002_alter_permission_name_max_length	2023-11-21 22:31:43.985396+07
5	auth	0003_alter_user_email_max_length	2023-11-21 22:31:43.992547+07
6	auth	0004_alter_user_username_opts	2023-11-21 22:31:43.999914+07
7	auth	0005_alter_user_last_login_null	2023-11-21 22:31:44.006993+07
8	auth	0006_require_contenttypes_0002	2023-11-21 22:31:44.01153+07
9	auth	0007_alter_validators_add_error_messages	2023-11-21 22:31:44.016986+07
10	auth	0008_alter_user_username_max_length	2023-11-21 22:31:44.022283+07
11	auth	0009_alter_user_last_name_max_length	2023-11-21 22:31:44.029559+07
12	auth	0010_alter_group_name_max_length	2023-11-21 22:31:44.036734+07
13	auth	0011_update_proxy_permissions	2023-11-21 22:31:44.04449+07
14	accounts	0001_initial	2023-11-21 22:31:44.118824+07
15	accounts	0002_auto_20190420_1009	2023-11-21 22:31:44.126372+07
16	admin	0001_initial	2023-11-21 22:31:44.155524+07
17	admin	0002_logentry_remove_auto_add	2023-11-21 22:31:44.164638+07
18	admin	0003_logentry_add_action_flag_choices	2023-11-21 22:31:44.172353+07
19	auth	0012_alter_user_first_name_max_length	2023-11-21 22:31:44.18284+07
20	courses	0001_initial	2023-11-21 22:31:44.230729+07
21	courses	0002_auto_20190420_1009	2023-11-21 22:31:44.255007+07
22	courses	0003_auto_20190420_1736	2023-11-21 22:31:44.278791+07
23	courses	0004_auto_20190420_1738	2023-11-21 22:31:44.300277+07
24	courses	0005_auto_20190420_1739	2023-11-21 22:31:44.321269+07
25	courses	0006_lesson	2023-11-21 22:31:44.353583+07
26	sessions	0001_initial	2023-11-21 22:31:44.373722+07
27	udemy	0001_initial	2023-11-21 22:31:44.40686+07
28	udemy	0002_auto_20190430_0006	2023-11-21 22:31:44.418635+07
29	accounts	0003_alter_user_first_name	2023-12-01 11:16:07.243349+07
30	courses	0007_course_total_duration_alter_category_title_and_more	2023-12-01 11:16:07.392617+07
31	accounts	0004_user_avt_url	2023-12-02 22:01:31.70551+07
32	courses	0008_remove_course_total_duration	2023-12-02 22:01:31.72254+07
33	courses	0009_course_rating	2023-12-03 17:56:54.727893+07
34	udemy	0003_wishlist	2023-12-05 23:05:15.794512+07
35	courses	0010_rating	2023-12-06 20:38:45.803697+07
\.


--
-- Data for Name: django_session; Type: TABLE DATA; Schema: public; Owner: akai
--

COPY public.django_session (session_key, session_data, expire_date) FROM stdin;
uw6sluoj2igwvyuwxvynwnxz1m20z51f	eyJjYXJ0Ijp7fX0:1r5bUv:7fTK_FDHuQQFDzaSUGwnqV3p62VllWy1TXTgGgZUNOA	2023-12-06 07:53:45.920477+07
deotdiixbvtpo9fysioq3n6jsxtmjy72	.eJxVjDEOgzAQBP_iOrJ8xHZiyvS8Aa3v7EASgYShQvw9IFEk7c7srKrFMnftUtLU9qJqZdXld4vgdxoOIC8Mz1HzOMxTH_Wh6JMW3YySPo_T_Qt0KN3-zhYx3b11ASbwlX2AJF-xsyJUAYjeEyWASCBZiLMJt5ANeYohuj3KmGZVr9v2BVN9PCs:1rB9tK:ereUk_ZkkiZ01xw8V42Ijw_KE4DcyJDNnS56XBSCQTo	2023-12-21 15:37:54.466188+07
igwiuefstq1mk5g3wjm7adr0cl1km8dg	eyJjYXJ0Ijp7fX0:1rA35D:HSsJlJ1PcsM6ON42-PvfNN7RrnGGB-Wk5awYcG1XQyk	2023-12-18 14:09:35.562639+07
ft4h6t64w3pv6jxmmwn3yx0t9junxxlw	.eJxVjDEOgzAQBP_iOrJ8xHZiyvS8Aa3v7EASgYShQvw9IFEk7c7srKrFMnftUtLU9qJqZdXld4vgdxoOIC8Mz1HzOMxTH_Wh6JMW3YySPo_T_Qt0KN3-zhYx3b11ASbwlX2AJF-xsyJUAYjeEyWASCBZiLMJt5ANeYohuj3KmGZVr9v2BVN9PCs:1rBAFB:8WbKQxtEr3dwhqfkMFEDN20V8mEdkrOswATcKv4rG8k	2023-12-21 16:00:29.208886+07
s7ro5kwiqaj99bd2vvlpy4s1fr3rzw39	.eJxVjDEOgzAQBP_iOrJ8xHZiyvS8Aa3v7EASgYShQvw9IFEk7c7srKrFMnftUtLU9qJqZdXld4vgdxoOIC8Mz1HzOMxTH_Wh6JMW3YySPo_T_Qt0KN3-zhYx3b11ASbwlX2AJF-xsyJUAYjeEyWASCBZiLMJt5ANeYohuj3KmGZVr9v2BVN9PCs:1r62TX:VvnYxsUZCR84vpVne2vzyPiPAdBPEaOeZMgtlTqMoqk	2023-12-07 12:42:07.18323+07
sl8xltm08zwx0px9nlnnr976vd9e63cb	eyJjYXJ0Ijp7fX0:1rBALT:1XxkHdh2jR98rw1wMCBILVtrJyWynGhNFxyWyMkzBhY	2023-12-21 16:06:59.277689+07
4c1czfgfpkegshnplsqls8irx9s88ium	.eJxVjDsOgzAQBe_iOrIw_qxNmT5nQOtdOyaJjMSnQtw9IFEk7Zt5s4ke16X065ymfmDRCStuv1tEeqd6An5hfY6SxrpMQ5SnIi86y8fI6XO_3L9Awbkc75h1hmgILbTOeK-MSxqaNoBRCbyxmRok8M7mnKMKHDSD04hRW0fsjyjhtIhu2_cvFBc7Dw:1r67mR:JO5mxYJT6ykrAhiK6c52dYDVi1zvOfLD4gCEFD3BZI8	2023-12-07 18:21:59.187112+07
3iwliy98loot8oh8nj8d6b7vorkqn7b1	eyJjYXJ0Ijp7fX0:1r5rq1:kRfJIpF8GBy6_urVK6l9q5UnK7ri-SeXt14c7VtXCVw	2023-12-07 01:20:37.100946+07
lbfn7ln8eg5i60xt7rc29mvnttvrkoz8	eyJjYXJ0Ijp7InB5dGhvbiI6eyJxdWFudGl0eSI6MSwicHJpY2UiOiI1MC4wIn19fQ:1r6Lnb:d5cNRB44tNvIKDUEVCin3ujWOi_NJBkyvY8LEoyLu60	2023-12-08 09:20:07.111733+07
nxhvkohtp2lithad9a6brylaw9qxg431	.eJxVjDsOgzAQBe-ydWSxxDgxZfqcwXretWOSCCQ-FeLuCRIN7ZuZt5JgnKldtwsFLHMJy5TG0Cm1ZOm0Rcgn9TvQN_rXYGTo57GLZlfMQSfzHDR9H4d7OiiYyr_OFjHdnW08Ki9XcR6aXC2NVeUaQHSOOQHMCs3Kkit_87lix9HHhrYfU0E8Kw:1rBWIj:iuH_2CkmCROM6b_wwEnaBHWTV0sTJmhPnu42HwZWc6A	2023-12-22 15:33:37.911914+07
reamnwaqdzqe6w82k7qvxt8esh396rty	eyJjYXJ0Ijp7fX0:1rBZyd:5xcF5OTRQ2ES5qf4XAxRFTn8SMMy5eHsoYslxg5heEQ	2023-12-22 19:29:07.570284+07
5959ts58jp1y06kk6qaylgv69womglkb	eyJjYXJ0Ijp7fX0:1rBrkC:jnldNDh5RMw7pHy7qVH3AtKHR14hv9xIzRUkh64BBSI	2023-12-23 14:27:24.465213+07
\.


--
-- Data for Name: udemy_enroll; Type: TABLE DATA; Schema: public; Owner: akai
--

COPY public.udemy_enroll (id, created_at, updated_at, course_id, user_id) FROM stdin;
3	2023-11-30 17:36:26.345986+07	2023-11-30 17:36:26.346+07	go-programming-language-mastering-the-basics	5
4	2023-12-04 01:39:46.765745+07	2023-12-04 01:39:46.765751+07	java-development-for-beginners	4
5	2023-12-04 13:30:19.020424+07	2023-12-04 13:30:19.020432+07	python-programming-fundamentals	4
6	2023-12-04 13:33:43.470762+07	2023-12-04 13:33:43.470767+07	web-development-with-php	4
7	2023-12-05 22:38:35.302593+07	2023-12-05 22:38:35.3026+07	r-programming-for-data-science	4
9	2023-12-06 00:02:00.251732+07	2023-12-06 00:02:00.251737+07	devops-practices-and-continuous-integration	4
10	2023-12-06 10:37:27.278705+07	2023-12-06 10:37:27.278714+07	javascript-essentials	4
11	2023-12-06 10:38:20.28737+07	2023-12-06 10:38:20.287374+07	cpp-programming-for-advanced-users	4
12	2023-12-06 10:40:26.962966+07	2023-12-06 10:40:26.962972+07	ruby-on-rails-from-novice-to-ninja	4
13	2023-12-06 10:40:26.965813+07	2023-12-06 10:40:26.965818+07	swift-programming-for-ios-development	4
14	2023-12-06 10:40:26.967824+07	2023-12-06 10:40:26.96783+07	kotlin-development-for-android	4
15	2023-12-06 10:40:26.970163+07	2023-12-06 10:40:26.970171+07	go-programming-language-mastering-the-basics	4
16	2023-12-06 10:40:26.972883+07	2023-12-06 10:40:26.97289+07	quality-assurance-and-testing-in-software-engineering	4
17	2023-12-06 10:40:26.974899+07	2023-12-06 10:40:26.974903+07	software-security-and-ethical-hacking	4
19	2023-12-06 10:40:26.978604+07	2023-12-06 10:40:26.978606+07	agile-development-practices	4
20	2023-12-06 10:40:26.980253+07	2023-12-06 10:40:26.980258+07	software-architecture-and-design-patterns	4
21	2023-12-06 10:40:26.982061+07	2023-12-06 10:40:26.982064+07	web-development-with-django	4
22	2023-12-07 15:29:06.972085+07	2023-12-07 15:29:06.972091+07	mobile-app-development-with-react-native	4
23	2023-12-07 15:30:33.157238+07	2023-12-07 15:30:33.157244+07	introduction-to-software-engineering	4
24	2023-12-07 15:31:17.427648+07	2023-12-07 15:31:17.427655+07	java-development-for-beginners	4
25	2023-12-07 15:39:30.241577+07	2023-12-07 15:39:30.241585+07	introduction-to-software-engineering	4
26	2023-12-07 15:39:30.245334+07	2023-12-07 15:39:30.24534+07	swift-programming-for-ios-development	4
\.


--
-- Data for Name: udemy_wishlist; Type: TABLE DATA; Schema: public; Owner: akai
--

COPY public.udemy_wishlist (id, created_at, updated_at, course_id, user_id) FROM stdin;
1	2023-12-06 14:03:22.702948+07	2023-12-06 14:03:22.702954+07	introduction-to-software-engineering	4
2	2023-12-06 20:52:01.151322+07	2023-12-06 20:52:01.151328+07	mobile-app-development-with-react-native	4
3	2023-12-07 18:17:11.665181+07	2023-12-07 18:17:11.665201+07	swift-programming-for-ios-development	4
4	2023-12-07 22:41:41.273645+07	2023-12-07 22:41:41.273651+07	java-development-for-beginners	4
5	2023-12-08 11:07:12.527864+07	2023-12-08 11:07:12.527872+07	ruby-on-rails-from-novice-to-ninja	4
\.


--
-- Data for Name: wishlist; Type: TABLE DATA; Schema: public; Owner: postgres
--

COPY public.wishlist (id, created_at, updated_at, user_id, course_id, thumbnail) FROM stdin;
\.


--
-- Name: accounts_user_groups_id_seq; Type: SEQUENCE SET; Schema: public; Owner: akai
--

SELECT pg_catalog.setval('public.accounts_user_groups_id_seq', 1, false);


--
-- Name: accounts_user_id_seq; Type: SEQUENCE SET; Schema: public; Owner: akai
--

SELECT pg_catalog.setval('public.accounts_user_id_seq', 6, true);


--
-- Name: accounts_user_user_permissions_id_seq; Type: SEQUENCE SET; Schema: public; Owner: akai
--

SELECT pg_catalog.setval('public.accounts_user_user_permissions_id_seq', 1, false);


--
-- Name: auth_group_id_seq; Type: SEQUENCE SET; Schema: public; Owner: akai
--

SELECT pg_catalog.setval('public.auth_group_id_seq', 1, false);


--
-- Name: auth_group_permissions_id_seq; Type: SEQUENCE SET; Schema: public; Owner: akai
--

SELECT pg_catalog.setval('public.auth_group_permissions_id_seq', 1, false);


--
-- Name: auth_permission_id_seq; Type: SEQUENCE SET; Schema: public; Owner: akai
--

SELECT pg_catalog.setval('public.auth_permission_id_seq', 48, true);


--
-- Name: courses_category_id_seq; Type: SEQUENCE SET; Schema: public; Owner: akai
--

SELECT pg_catalog.setval('public.courses_category_id_seq', 7, true);


--
-- Name: courses_lesson_id_seq; Type: SEQUENCE SET; Schema: public; Owner: akai
--

SELECT pg_catalog.setval('public.courses_lesson_id_seq', 354, true);


--
-- Name: courses_rating_id_seq; Type: SEQUENCE SET; Schema: public; Owner: akai
--

SELECT pg_catalog.setval('public.courses_rating_id_seq', 16, true);


--
-- Name: django_admin_log_id_seq; Type: SEQUENCE SET; Schema: public; Owner: akai
--

SELECT pg_catalog.setval('public.django_admin_log_id_seq', 129, true);


--
-- Name: django_content_type_id_seq; Type: SEQUENCE SET; Schema: public; Owner: akai
--

SELECT pg_catalog.setval('public.django_content_type_id_seq', 12, true);


--
-- Name: django_migrations_id_seq; Type: SEQUENCE SET; Schema: public; Owner: akai
--

SELECT pg_catalog.setval('public.django_migrations_id_seq', 35, true);


--
-- Name: udemy_enroll_id_seq; Type: SEQUENCE SET; Schema: public; Owner: akai
--

SELECT pg_catalog.setval('public.udemy_enroll_id_seq', 26, true);


--
-- Name: udemy_wishlist_id_seq; Type: SEQUENCE SET; Schema: public; Owner: akai
--

SELECT pg_catalog.setval('public.udemy_wishlist_id_seq', 5, true);


--
-- Name: wishlist_id_seq; Type: SEQUENCE SET; Schema: public; Owner: postgres
--

SELECT pg_catalog.setval('public.wishlist_id_seq', 1, false);


--
-- Name: accounts_user accounts_user_email_key; Type: CONSTRAINT; Schema: public; Owner: akai
--

ALTER TABLE ONLY public.accounts_user
    ADD CONSTRAINT accounts_user_email_key UNIQUE (email);


--
-- Name: accounts_user_groups accounts_user_groups_pkey; Type: CONSTRAINT; Schema: public; Owner: akai
--

ALTER TABLE ONLY public.accounts_user_groups
    ADD CONSTRAINT accounts_user_groups_pkey PRIMARY KEY (id);


--
-- Name: accounts_user_groups accounts_user_groups_user_id_group_id_59c0b32f_uniq; Type: CONSTRAINT; Schema: public; Owner: akai
--

ALTER TABLE ONLY public.accounts_user_groups
    ADD CONSTRAINT accounts_user_groups_user_id_group_id_59c0b32f_uniq UNIQUE (user_id, group_id);


--
-- Name: accounts_user accounts_user_pkey; Type: CONSTRAINT; Schema: public; Owner: akai
--

ALTER TABLE ONLY public.accounts_user
    ADD CONSTRAINT accounts_user_pkey PRIMARY KEY (id);


--
-- Name: accounts_user_user_permissions accounts_user_user_permi_user_id_permission_id_2ab516c2_uniq; Type: CONSTRAINT; Schema: public; Owner: akai
--

ALTER TABLE ONLY public.accounts_user_user_permissions
    ADD CONSTRAINT accounts_user_user_permi_user_id_permission_id_2ab516c2_uniq UNIQUE (user_id, permission_id);


--
-- Name: accounts_user_user_permissions accounts_user_user_permissions_pkey; Type: CONSTRAINT; Schema: public; Owner: akai
--

ALTER TABLE ONLY public.accounts_user_user_permissions
    ADD CONSTRAINT accounts_user_user_permissions_pkey PRIMARY KEY (id);


--
-- Name: accounts_user accounts_user_username_key; Type: CONSTRAINT; Schema: public; Owner: akai
--

ALTER TABLE ONLY public.accounts_user
    ADD CONSTRAINT accounts_user_username_key UNIQUE (username);


--
-- Name: auth_group auth_group_name_key; Type: CONSTRAINT; Schema: public; Owner: akai
--

ALTER TABLE ONLY public.auth_group
    ADD CONSTRAINT auth_group_name_key UNIQUE (name);


--
-- Name: auth_group_permissions auth_group_permissions_group_id_permission_id_0cd325b0_uniq; Type: CONSTRAINT; Schema: public; Owner: akai
--

ALTER TABLE ONLY public.auth_group_permissions
    ADD CONSTRAINT auth_group_permissions_group_id_permission_id_0cd325b0_uniq UNIQUE (group_id, permission_id);


--
-- Name: auth_group_permissions auth_group_permissions_pkey; Type: CONSTRAINT; Schema: public; Owner: akai
--

ALTER TABLE ONLY public.auth_group_permissions
    ADD CONSTRAINT auth_group_permissions_pkey PRIMARY KEY (id);


--
-- Name: auth_group auth_group_pkey; Type: CONSTRAINT; Schema: public; Owner: akai
--

ALTER TABLE ONLY public.auth_group
    ADD CONSTRAINT auth_group_pkey PRIMARY KEY (id);


--
-- Name: auth_permission auth_permission_content_type_id_codename_01ab375a_uniq; Type: CONSTRAINT; Schema: public; Owner: akai
--

ALTER TABLE ONLY public.auth_permission
    ADD CONSTRAINT auth_permission_content_type_id_codename_01ab375a_uniq UNIQUE (content_type_id, codename);


--
-- Name: auth_permission auth_permission_pkey; Type: CONSTRAINT; Schema: public; Owner: akai
--

ALTER TABLE ONLY public.auth_permission
    ADD CONSTRAINT auth_permission_pkey PRIMARY KEY (id);


--
-- Name: courses_category courses_category_pkey; Type: CONSTRAINT; Schema: public; Owner: akai
--

ALTER TABLE ONLY public.courses_category
    ADD CONSTRAINT courses_category_pkey PRIMARY KEY (id);


--
-- Name: courses_category courses_category_slug_key; Type: CONSTRAINT; Schema: public; Owner: akai
--

ALTER TABLE ONLY public.courses_category
    ADD CONSTRAINT courses_category_slug_key UNIQUE (slug);


--
-- Name: courses_course courses_course_slug_9c670f14_pk; Type: CONSTRAINT; Schema: public; Owner: akai
--

ALTER TABLE ONLY public.courses_course
    ADD CONSTRAINT courses_course_slug_9c670f14_pk PRIMARY KEY (slug);


--
-- Name: courses_lesson courses_lesson_pkey; Type: CONSTRAINT; Schema: public; Owner: akai
--

ALTER TABLE ONLY public.courses_lesson
    ADD CONSTRAINT courses_lesson_pkey PRIMARY KEY (id);


--
-- Name: courses_rating courses_rating_pkey; Type: CONSTRAINT; Schema: public; Owner: akai
--

ALTER TABLE ONLY public.courses_rating
    ADD CONSTRAINT courses_rating_pkey PRIMARY KEY (id);


--
-- Name: django_admin_log django_admin_log_pkey; Type: CONSTRAINT; Schema: public; Owner: akai
--

ALTER TABLE ONLY public.django_admin_log
    ADD CONSTRAINT django_admin_log_pkey PRIMARY KEY (id);


--
-- Name: django_content_type django_content_type_app_label_model_76bd3d3b_uniq; Type: CONSTRAINT; Schema: public; Owner: akai
--

ALTER TABLE ONLY public.django_content_type
    ADD CONSTRAINT django_content_type_app_label_model_76bd3d3b_uniq UNIQUE (app_label, model);


--
-- Name: django_content_type django_content_type_pkey; Type: CONSTRAINT; Schema: public; Owner: akai
--

ALTER TABLE ONLY public.django_content_type
    ADD CONSTRAINT django_content_type_pkey PRIMARY KEY (id);


--
-- Name: django_migrations django_migrations_pkey; Type: CONSTRAINT; Schema: public; Owner: akai
--

ALTER TABLE ONLY public.django_migrations
    ADD CONSTRAINT django_migrations_pkey PRIMARY KEY (id);


--
-- Name: django_session django_session_pkey; Type: CONSTRAINT; Schema: public; Owner: akai
--

ALTER TABLE ONLY public.django_session
    ADD CONSTRAINT django_session_pkey PRIMARY KEY (session_key);


--
-- Name: udemy_enroll udemy_enroll_pkey; Type: CONSTRAINT; Schema: public; Owner: akai
--

ALTER TABLE ONLY public.udemy_enroll
    ADD CONSTRAINT udemy_enroll_pkey PRIMARY KEY (id);


--
-- Name: udemy_wishlist udemy_wishlist_pkey; Type: CONSTRAINT; Schema: public; Owner: akai
--

ALTER TABLE ONLY public.udemy_wishlist
    ADD CONSTRAINT udemy_wishlist_pkey PRIMARY KEY (id);


--
-- Name: wishlist wishlist_pkey; Type: CONSTRAINT; Schema: public; Owner: postgres
--

ALTER TABLE ONLY public.wishlist
    ADD CONSTRAINT wishlist_pkey PRIMARY KEY (id);


--
-- Name: accounts_user_email_b2644a56_like; Type: INDEX; Schema: public; Owner: akai
--

CREATE INDEX accounts_user_email_b2644a56_like ON public.accounts_user USING btree (email varchar_pattern_ops);


--
-- Name: accounts_user_groups_group_id_bd11a704; Type: INDEX; Schema: public; Owner: akai
--

CREATE INDEX accounts_user_groups_group_id_bd11a704 ON public.accounts_user_groups USING btree (group_id);


--
-- Name: accounts_user_groups_user_id_52b62117; Type: INDEX; Schema: public; Owner: akai
--

CREATE INDEX accounts_user_groups_user_id_52b62117 ON public.accounts_user_groups USING btree (user_id);


--
-- Name: accounts_user_user_permissions_permission_id_113bb443; Type: INDEX; Schema: public; Owner: akai
--

CREATE INDEX accounts_user_user_permissions_permission_id_113bb443 ON public.accounts_user_user_permissions USING btree (permission_id);


--
-- Name: accounts_user_user_permissions_user_id_e4f0a161; Type: INDEX; Schema: public; Owner: akai
--

CREATE INDEX accounts_user_user_permissions_user_id_e4f0a161 ON public.accounts_user_user_permissions USING btree (user_id);


--
-- Name: accounts_user_username_6088629e_like; Type: INDEX; Schema: public; Owner: akai
--

CREATE INDEX accounts_user_username_6088629e_like ON public.accounts_user USING btree (username varchar_pattern_ops);


--
-- Name: auth_group_name_a6ea08ec_like; Type: INDEX; Schema: public; Owner: akai
--

CREATE INDEX auth_group_name_a6ea08ec_like ON public.auth_group USING btree (name varchar_pattern_ops);


--
-- Name: auth_group_permissions_group_id_b120cbf9; Type: INDEX; Schema: public; Owner: akai
--

CREATE INDEX auth_group_permissions_group_id_b120cbf9 ON public.auth_group_permissions USING btree (group_id);


--
-- Name: auth_group_permissions_permission_id_84c5c92e; Type: INDEX; Schema: public; Owner: akai
--

CREATE INDEX auth_group_permissions_permission_id_84c5c92e ON public.auth_group_permissions USING btree (permission_id);


--
-- Name: auth_permission_content_type_id_2f476e4b; Type: INDEX; Schema: public; Owner: akai
--

CREATE INDEX auth_permission_content_type_id_2f476e4b ON public.auth_permission USING btree (content_type_id);


--
-- Name: courses_category_slug_33267d74_like; Type: INDEX; Schema: public; Owner: akai
--

CREATE INDEX courses_category_slug_33267d74_like ON public.courses_category USING btree (slug varchar_pattern_ops);


--
-- Name: courses_course_category_id_d64b93bf; Type: INDEX; Schema: public; Owner: akai
--

CREATE INDEX courses_course_category_id_d64b93bf ON public.courses_course USING btree (category_id);


--
-- Name: courses_course_slug_9c670f14_like; Type: INDEX; Schema: public; Owner: akai
--

CREATE INDEX courses_course_slug_9c670f14_like ON public.courses_course USING btree (slug varchar_pattern_ops);


--
-- Name: courses_course_user_id_8a39a2bb; Type: INDEX; Schema: public; Owner: akai
--

CREATE INDEX courses_course_user_id_8a39a2bb ON public.courses_course USING btree (user_id);


--
-- Name: courses_lesson_course_id_16bc4882; Type: INDEX; Schema: public; Owner: akai
--

CREATE INDEX courses_lesson_course_id_16bc4882 ON public.courses_lesson USING btree (course_id);


--
-- Name: courses_lesson_course_id_16bc4882_like; Type: INDEX; Schema: public; Owner: akai
--

CREATE INDEX courses_lesson_course_id_16bc4882_like ON public.courses_lesson USING btree (course_id varchar_pattern_ops);


--
-- Name: courses_rating_course_slug_cfce2568; Type: INDEX; Schema: public; Owner: akai
--

CREATE INDEX courses_rating_course_slug_cfce2568 ON public.courses_rating USING btree (course_slug);


--
-- Name: courses_rating_course_slug_cfce2568_like; Type: INDEX; Schema: public; Owner: akai
--

CREATE INDEX courses_rating_course_slug_cfce2568_like ON public.courses_rating USING btree (course_slug varchar_pattern_ops);


--
-- Name: courses_rating_user_id_1bfb10a7; Type: INDEX; Schema: public; Owner: akai
--

CREATE INDEX courses_rating_user_id_1bfb10a7 ON public.courses_rating USING btree (user_id);


--
-- Name: django_admin_log_content_type_id_c4bce8eb; Type: INDEX; Schema: public; Owner: akai
--

CREATE INDEX django_admin_log_content_type_id_c4bce8eb ON public.django_admin_log USING btree (content_type_id);


--
-- Name: django_admin_log_user_id_c564eba6; Type: INDEX; Schema: public; Owner: akai
--

CREATE INDEX django_admin_log_user_id_c564eba6 ON public.django_admin_log USING btree (user_id);


--
-- Name: django_session_expire_date_a5c62663; Type: INDEX; Schema: public; Owner: akai
--

CREATE INDEX django_session_expire_date_a5c62663 ON public.django_session USING btree (expire_date);


--
-- Name: django_session_session_key_c0390e0f_like; Type: INDEX; Schema: public; Owner: akai
--

CREATE INDEX django_session_session_key_c0390e0f_like ON public.django_session USING btree (session_key varchar_pattern_ops);


--
-- Name: udemy_enroll_course_id_32896681; Type: INDEX; Schema: public; Owner: akai
--

CREATE INDEX udemy_enroll_course_id_32896681 ON public.udemy_enroll USING btree (course_id);


--
-- Name: udemy_enroll_course_id_32896681_like; Type: INDEX; Schema: public; Owner: akai
--

CREATE INDEX udemy_enroll_course_id_32896681_like ON public.udemy_enroll USING btree (course_id varchar_pattern_ops);


--
-- Name: udemy_enroll_user_id_255c6aec; Type: INDEX; Schema: public; Owner: akai
--

CREATE INDEX udemy_enroll_user_id_255c6aec ON public.udemy_enroll USING btree (user_id);


--
-- Name: udemy_wishlist_course_id_9fe759a3; Type: INDEX; Schema: public; Owner: akai
--

CREATE INDEX udemy_wishlist_course_id_9fe759a3 ON public.udemy_wishlist USING btree (course_id);


--
-- Name: udemy_wishlist_course_id_9fe759a3_like; Type: INDEX; Schema: public; Owner: akai
--

CREATE INDEX udemy_wishlist_course_id_9fe759a3_like ON public.udemy_wishlist USING btree (course_id varchar_pattern_ops);


--
-- Name: udemy_wishlist_user_id_90a35601; Type: INDEX; Schema: public; Owner: akai
--

CREATE INDEX udemy_wishlist_user_id_90a35601 ON public.udemy_wishlist USING btree (user_id);


--
-- Name: accounts_user_groups accounts_user_groups_group_id_bd11a704_fk_auth_group_id; Type: FK CONSTRAINT; Schema: public; Owner: akai
--

ALTER TABLE ONLY public.accounts_user_groups
    ADD CONSTRAINT accounts_user_groups_group_id_bd11a704_fk_auth_group_id FOREIGN KEY (group_id) REFERENCES public.auth_group(id) DEFERRABLE INITIALLY DEFERRED;


--
-- Name: accounts_user_groups accounts_user_groups_user_id_52b62117_fk_accounts_user_id; Type: FK CONSTRAINT; Schema: public; Owner: akai
--

ALTER TABLE ONLY public.accounts_user_groups
    ADD CONSTRAINT accounts_user_groups_user_id_52b62117_fk_accounts_user_id FOREIGN KEY (user_id) REFERENCES public.accounts_user(id) DEFERRABLE INITIALLY DEFERRED;


--
-- Name: accounts_user_user_permissions accounts_user_user_p_permission_id_113bb443_fk_auth_perm; Type: FK CONSTRAINT; Schema: public; Owner: akai
--

ALTER TABLE ONLY public.accounts_user_user_permissions
    ADD CONSTRAINT accounts_user_user_p_permission_id_113bb443_fk_auth_perm FOREIGN KEY (permission_id) REFERENCES public.auth_permission(id) DEFERRABLE INITIALLY DEFERRED;


--
-- Name: accounts_user_user_permissions accounts_user_user_p_user_id_e4f0a161_fk_accounts_; Type: FK CONSTRAINT; Schema: public; Owner: akai
--

ALTER TABLE ONLY public.accounts_user_user_permissions
    ADD CONSTRAINT accounts_user_user_p_user_id_e4f0a161_fk_accounts_ FOREIGN KEY (user_id) REFERENCES public.accounts_user(id) DEFERRABLE INITIALLY DEFERRED;


--
-- Name: auth_group_permissions auth_group_permissio_permission_id_84c5c92e_fk_auth_perm; Type: FK CONSTRAINT; Schema: public; Owner: akai
--

ALTER TABLE ONLY public.auth_group_permissions
    ADD CONSTRAINT auth_group_permissio_permission_id_84c5c92e_fk_auth_perm FOREIGN KEY (permission_id) REFERENCES public.auth_permission(id) DEFERRABLE INITIALLY DEFERRED;


--
-- Name: auth_group_permissions auth_group_permissions_group_id_b120cbf9_fk_auth_group_id; Type: FK CONSTRAINT; Schema: public; Owner: akai
--

ALTER TABLE ONLY public.auth_group_permissions
    ADD CONSTRAINT auth_group_permissions_group_id_b120cbf9_fk_auth_group_id FOREIGN KEY (group_id) REFERENCES public.auth_group(id) DEFERRABLE INITIALLY DEFERRED;


--
-- Name: auth_permission auth_permission_content_type_id_2f476e4b_fk_django_co; Type: FK CONSTRAINT; Schema: public; Owner: akai
--

ALTER TABLE ONLY public.auth_permission
    ADD CONSTRAINT auth_permission_content_type_id_2f476e4b_fk_django_co FOREIGN KEY (content_type_id) REFERENCES public.django_content_type(id) DEFERRABLE INITIALLY DEFERRED;


--
-- Name: courses_course courses_course_category_id_d64b93bf_fk_courses_category_id; Type: FK CONSTRAINT; Schema: public; Owner: akai
--

ALTER TABLE ONLY public.courses_course
    ADD CONSTRAINT courses_course_category_id_d64b93bf_fk_courses_category_id FOREIGN KEY (category_id) REFERENCES public.courses_category(id) DEFERRABLE INITIALLY DEFERRED;


--
-- Name: courses_course courses_course_user_id_8a39a2bb_fk_accounts_user_id; Type: FK CONSTRAINT; Schema: public; Owner: akai
--

ALTER TABLE ONLY public.courses_course
    ADD CONSTRAINT courses_course_user_id_8a39a2bb_fk_accounts_user_id FOREIGN KEY (user_id) REFERENCES public.accounts_user(id) DEFERRABLE INITIALLY DEFERRED;


--
-- Name: courses_lesson courses_lesson_course_id_16bc4882_fk_courses_course_slug; Type: FK CONSTRAINT; Schema: public; Owner: akai
--

ALTER TABLE ONLY public.courses_lesson
    ADD CONSTRAINT courses_lesson_course_id_16bc4882_fk_courses_course_slug FOREIGN KEY (course_id) REFERENCES public.courses_course(slug) DEFERRABLE INITIALLY DEFERRED;


--
-- Name: courses_rating courses_rating_user_id_1bfb10a7_fk_accounts_user_id; Type: FK CONSTRAINT; Schema: public; Owner: akai
--

ALTER TABLE ONLY public.courses_rating
    ADD CONSTRAINT courses_rating_user_id_1bfb10a7_fk_accounts_user_id FOREIGN KEY (user_id) REFERENCES public.accounts_user(id) DEFERRABLE INITIALLY DEFERRED;


--
-- Name: django_admin_log django_admin_log_content_type_id_c4bce8eb_fk_django_co; Type: FK CONSTRAINT; Schema: public; Owner: akai
--

ALTER TABLE ONLY public.django_admin_log
    ADD CONSTRAINT django_admin_log_content_type_id_c4bce8eb_fk_django_co FOREIGN KEY (content_type_id) REFERENCES public.django_content_type(id) DEFERRABLE INITIALLY DEFERRED;


--
-- Name: django_admin_log django_admin_log_user_id_c564eba6_fk_accounts_user_id; Type: FK CONSTRAINT; Schema: public; Owner: akai
--

ALTER TABLE ONLY public.django_admin_log
    ADD CONSTRAINT django_admin_log_user_id_c564eba6_fk_accounts_user_id FOREIGN KEY (user_id) REFERENCES public.accounts_user(id) DEFERRABLE INITIALLY DEFERRED;


--
-- Name: udemy_enroll udemy_enroll_course_id_32896681_fk_courses_course_slug; Type: FK CONSTRAINT; Schema: public; Owner: akai
--

ALTER TABLE ONLY public.udemy_enroll
    ADD CONSTRAINT udemy_enroll_course_id_32896681_fk_courses_course_slug FOREIGN KEY (course_id) REFERENCES public.courses_course(slug) DEFERRABLE INITIALLY DEFERRED;


--
-- Name: udemy_enroll udemy_enroll_user_id_255c6aec_fk_accounts_user_id; Type: FK CONSTRAINT; Schema: public; Owner: akai
--

ALTER TABLE ONLY public.udemy_enroll
    ADD CONSTRAINT udemy_enroll_user_id_255c6aec_fk_accounts_user_id FOREIGN KEY (user_id) REFERENCES public.accounts_user(id) DEFERRABLE INITIALLY DEFERRED;


--
-- Name: udemy_wishlist udemy_wishlist_course_id_9fe759a3_fk_courses_course_slug; Type: FK CONSTRAINT; Schema: public; Owner: akai
--

ALTER TABLE ONLY public.udemy_wishlist
    ADD CONSTRAINT udemy_wishlist_course_id_9fe759a3_fk_courses_course_slug FOREIGN KEY (course_id) REFERENCES public.courses_course(slug) DEFERRABLE INITIALLY DEFERRED;


--
-- Name: udemy_wishlist udemy_wishlist_user_id_90a35601_fk_accounts_user_id; Type: FK CONSTRAINT; Schema: public; Owner: akai
--

ALTER TABLE ONLY public.udemy_wishlist
    ADD CONSTRAINT udemy_wishlist_user_id_90a35601_fk_accounts_user_id FOREIGN KEY (user_id) REFERENCES public.accounts_user(id) DEFERRABLE INITIALLY DEFERRED;


--
-- Name: wishlist wishlist_course_id_fkey; Type: FK CONSTRAINT; Schema: public; Owner: postgres
--

ALTER TABLE ONLY public.wishlist
    ADD CONSTRAINT wishlist_course_id_fkey FOREIGN KEY (course_id) REFERENCES public.courses_course(slug) DEFERRABLE INITIALLY DEFERRED;


--
-- Name: wishlist wishlist_user_id_fkey; Type: FK CONSTRAINT; Schema: public; Owner: postgres
--

ALTER TABLE ONLY public.wishlist
    ADD CONSTRAINT wishlist_user_id_fkey FOREIGN KEY (user_id) REFERENCES public.accounts_user(id) DEFERRABLE INITIALLY DEFERRED;


--
-- PostgreSQL database dump complete
--

